-- phpMyAdmin SQL Dump
-- version 4.0.10.7
-- http://www.phpmyadmin.net
--
-- Host: localhost
-- Generation Time: Aug 18, 2015 at 08:41 AM
-- Server version: 5.5.42-cll-lve
-- PHP Version: 5.4.31

SET SQL_MODE = "NO_AUTO_VALUE_ON_ZERO";
SET time_zone = "+00:00";


/*!40101 SET @OLD_CHARACTER_SET_CLIENT=@@CHARACTER_SET_CLIENT */;
/*!40101 SET @OLD_CHARACTER_SET_RESULTS=@@CHARACTER_SET_RESULTS */;
/*!40101 SET @OLD_COLLATION_CONNECTION=@@COLLATION_CONNECTION */;
/*!40101 SET NAMES utf8 */;

--
-- Database: `tktrade1_vef`
--

-- --------------------------------------------------------

--
-- Table structure for table `articles`
--

CREATE TABLE IF NOT EXISTS `articles` (
  `id` int(10) unsigned NOT NULL AUTO_INCREMENT,
  `title` varchar(255) NOT NULL,
  `title_en` varchar(255) NOT NULL,
  `alias` varchar(255) NOT NULL,
  `alias_en` varchar(255) NOT NULL,
  `description` text,
  `description_en` text NOT NULL,
  `content` text NOT NULL,
  `content_en` text NOT NULL,
  `image` varchar(255) DEFAULT NULL,
  `is_highlight` int(11) DEFAULT '0',
  `hits` int(11) DEFAULT '0',
  `status` int(1) DEFAULT '0',
  `created_at` datetime DEFAULT NULL,
  `updated_at` datetime DEFAULT NULL,
  PRIMARY KEY (`id`)
) ENGINE=InnoDB  DEFAULT CHARSET=utf8 AUTO_INCREMENT=7 ;

--
-- Dumping data for table `articles`
--

INSERT INTO `articles` (`id`, `title`, `title_en`, `alias`, `alias_en`, `description`, `description_en`, `content`, `content_en`, `image`, `is_highlight`, `hits`, `status`, `created_at`, `updated_at`) VALUES
(1, 'Nét đẹp trong văn hóa ẩm thực Hà Thành', 'The beauty of Ha Thanh Food Culture', 'net-dep-trong-van-hoa-am-thuc-ha-thanh', 'the-beauty-of-ha-thanh-food-culture', 'Hà Nội là một đô thị có lịch sử lâu đời, giàu có về truyền thống, giàu có về sản vật, và đặc biệt là giàu có về bản sắc văn hóa...', 'Hanoi is a city with a long history, rich in tradition, rich in commodities, and especially rich in culture ...', '<p style="text-align:justify">Gần ngh&igrave;n năm tuổi, từng l&agrave; Kinh đ&ocirc; của nhiều triều đại, nếp sống của người Thăng Long - H&agrave; Nội do đ&oacute; c&oacute; cốt c&aacute;ch ri&ecirc;ng, tầm văn h&oacute;a cao hơn, trong đ&oacute; tập qu&aacute;n, lề th&oacute;i ăn uống... cũng được nhiều v&ugrave;ng trong cả nước c&ocirc;ng nhận l&agrave; đ&aacute;ng l&agrave;m theo, nếu c&oacute; th&ecirc;m điều kiện. B&ecirc;n cạnh lối ẩm thực cầu kỳ mang t&iacute;nh cung đ&igrave;nh, nặng về lễ nghi lại c&oacute; lối ẩm thực rất b&igrave;nh d&acirc;n, dung dị, đơn giản. C&oacute; &ldquo;ẩm thực sang trọng&rdquo; lại c&oacute; &ldquo;ẩm thực vỉa h&egrave;&rdquo;; ngo&agrave;i mấy bữa ch&iacute;nh th&igrave; H&agrave; Nội l&agrave; nơi c&oacute; nhiều m&oacute;n qu&agrave; ngon &iacute;t nơi s&aacute;nh được.</p>\r\n\r\n<p style="text-align:justify">Văn h&oacute;a ẩm thực của người H&agrave; Nội trước hết ở chỗ tinh s&agrave;nh, &ldquo;qu&yacute; hồ tinh bất qu&yacute; hồ đa&rdquo;, thanh cảnh, ngon v&agrave; l&agrave;nh, sạch sẽ, chế biến tinh vi với nghệ thuật cao, m&oacute;n n&agrave;o ra m&oacute;n ấy, đầy đủ gia vị để mỗi m&oacute;n mang một đặc trưng ri&ecirc;ng biệt. Kh&ocirc;ng thể kể hết những c&aacute;ch ăn của người H&agrave; Nội đ&atilde; quen với c&aacute;ch ăn thanh lịch. M&ugrave;a n&agrave;o thức ấy, giờ n&agrave;o m&oacute;n ấy. Th&aacute;ng ba ăn b&aacute;nh tr&ocirc;i b&aacute;nh chay, th&aacute;ng t&aacute;m ăn b&aacute;nh trung thu, th&aacute;ng năm l&agrave;m rượu nếp, m&ugrave;a thu ăn cốm với hồng hoặc chuối trứng cuốc...</p>\r\n\r\n<p style="text-align:justify"><img alt="Bánh cuốn Hà Nội" src="http://gl.amthuc365.vn/uploads/i/Tin_Tuc/2015/1-7/b%C3%A1nh-cu%E1%BB%91n-H%C3%A0-N%E1%BB%99i.jpg" style="background-attachment:initial; background-clip:initial; background-image:initial; background-origin:initial; background-position:initial; background-repeat:initial; background-size:initial; border:0px; box-shadow:rgb(204, 204, 204) 1px 1px 3px; display:block; margin:0px auto 10px; max-width:500px; padding:10px; width:500px" title="Bánh cuốn Hà Nội" /></p>\r\n\r\n<p style="text-align:center"><em>B&aacute;nh cuốn Thanh tr&igrave;</em></p>\r\n\r\n<p style="text-align:justify">Buổi s&aacute;ng l&agrave; b&aacute;nh cuốn Thanh Tr&igrave;, x&ocirc;i l&uacute;a Ho&agrave;ng Mai, tối mới ăn lục t&agrave;o x&aacute;, đ&ecirc;m ăn lạp xường lồ m&aacute;i ph&agrave;n, trưa ăn b&uacute;n chả... Những m&oacute;n ăn H&agrave; Nội chẳng phải l&agrave; cao lương mỹ vị g&igrave;, chỉ l&agrave; những m&oacute;n d&acirc;n d&atilde; gợi nhớ hương vị H&agrave; Nội m&agrave; những người xa H&agrave; Nội chẳng thể n&agrave;o qu&ecirc;n.</p>\r\n\r\n<p style="text-align:justify">Ẩm thực H&agrave; Nội được nhắc đến nhiều trong thơ ca, c&aacute;c nh&agrave; văn, nh&agrave; b&aacute;o như Phạm Đ&igrave;nh Hổ, Cao B&aacute; Qu&aacute;t, Vũ Bằng, Nguyễn Tu&acirc;n, Thạch Lam, Băng Sơn, Mai Kh&ocirc;i... C&oacute; thể kể ra đ&acirc;y một loạt c&aacute;c đặc sản ẩm thực H&agrave; Nội qua những c&acirc;u ca dao, tục ngữ truyền khẩu: b&aacute;nh tr&ocirc;i l&agrave;ng Gạ, b&uacute;n l&agrave;ng S&ugrave;i v&agrave; l&agrave;ng Tứ Kỳ, c&aacute; r&ocirc; đầm S&eacute;t, s&acirc;m cầm Hồ T&acirc;y, cam Canh, bưởi Diễn, chuối S&ugrave;, c&agrave; L&aacute;ng, b&aacute;nh cuốn Thanh Tr&igrave;, b&aacute;nh d&agrave;y l&agrave;ng Kẻ, b&aacute;nh tẻ l&agrave;ng So, b&aacute;nh đ&uacute;c Đơ B&ugrave;i, tương l&agrave;ng Sủi, gi&ograve; Ch&egrave;m, nem Vẽ...</p>\r\n\r\n<p style="text-align:justify">Ri&ecirc;ng c&aacute;c m&oacute;n qu&agrave; th&igrave; H&agrave; Nội đ&atilde; n&acirc;ng nghệ thuật ăn uống l&ecirc;n cao nhiều bậc. N&oacute;i đến phở, người ta nghĩ ngay đến phở Bắc, m&agrave; phở Bắc th&igrave; kh&ocirc;ng đ&acirc;u bằng phở H&agrave; Nội.. Hễ cứ tr&ocirc;ng thấy người H&agrave; Nội ăn phở th&igrave; đố ai m&agrave; ngưng lại được c&aacute;i sự phải... ăn theo.</p>\r\n\r\n<p style="text-align:justify">B&aacute;nh cuốn Thanh Tr&igrave; l&agrave;m Thạch Lam phải v&iacute; n&oacute; như mảng lụa, m&aacute;t rượi đầu lưỡi. B&uacute;n ốc l&agrave; m&oacute;n kỳ lạ của H&agrave; Nội, c&oacute; m&oacute;n n&oacute;ng, m&oacute;n nguội, c&oacute; m&oacute;n chua hương dấm bỗng, c&oacute; m&oacute;n m&agrave; Thạch Lam thấy mấy c&ocirc; g&aacute;i ăn n&oacute;, nước mắt r&ograve;ng r&ograve;ng v&igrave; cay v&igrave; chua, &ocirc;ng nhận x&eacute;t những giọt nước mắt n&agrave;y c&ograve;n ch&acirc;n thật hơn cả những giọt lệ t&igrave;nh. Ngo&agrave;i chuyện ăn th&igrave; người H&agrave; Nội uống cũng rất cẩn thận, chu đ&aacute;o.</p>\r\n\r\n<p style="text-align:justify">Nhiều gia đ&igrave;nh H&agrave; Nội ng&agrave;y Tết kh&ocirc;ng thể thiếu c&aacute;i vị thơm dịu, ngọt m&aacute;t của ch&eacute;n tr&agrave; sen, đ&oacute; l&agrave; thứ tr&agrave; được ướp hương của hoa sen Hồ T&acirc;y rất cầu kỳ. Nh&agrave; h&agrave;ng chả c&aacute; L&atilde; Vọng đ&atilde; như một thương hiệu được nhiều người trong v&agrave; ngo&agrave;i nước biết đến.</p>\r\n\r\n<p style="text-align:justify"><img alt="Chả cá lã vọng" src="http://gl.amthuc365.vn/uploads/i/Tin_Tuc/2015/1-7/cha-ca-la-vong-net-van-hoa-rieng-cua-pho-co.jpg" style="background-attachment:initial; background-clip:initial; background-image:initial; background-origin:initial; background-position:initial; background-repeat:initial; background-size:initial; border:0px; box-shadow:rgb(204, 204, 204) 1px 1px 3px; display:block; margin:0px auto 10px; max-width:500px; padding:10px; width:500px" title="Chả cá lã vọng" /></p>\r\n\r\n<p style="text-align:center"><em>Chả c&aacute; L&atilde; Vọng</em></p>\r\n\r\n<p style="text-align:justify">C&aacute;i m&oacute;n ăn độc đ&aacute;o n&agrave;y c&oacute; từ cuối thế kỷ 19, theo truyền lại th&igrave; m&oacute;n nổi tiếng n&agrave;y thuộc chi họ Đo&agrave;n ở phố H&agrave;ng Sơn, H&agrave; Nội, đến khi tiếng tăm vang dội của chả c&aacute; L&atilde; Vọng m&agrave; đ&atilde; đổi t&ecirc;n phố H&agrave;ng Sơn th&agrave;nh phố Chả C&aacute;. M&acirc;m cỗ ở H&agrave; Nội c&aacute;c m&oacute;n ăn đều được chế biến một c&aacute;ch rất cầu kỳ, tinh vi mang t&iacute;nh nghệ thuật, c&oacute; khi phải l&agrave; c&aacute;c đầu bếp trở th&agrave;nh nghệ nh&acirc;n ẩm thực như nghệ nh&acirc;n Đinh B&aacute; Ch&acirc;u, &Aacute;nh Tuyết... thực hiện.</p>\r\n\r\n<p style="text-align:justify">C&aacute;ch ăn của người H&agrave; Nội xưa rất tinh tế, cầu kỳ, một bữa cỗ thường c&oacute; nhiều m&oacute;n nhưng mỗi m&oacute;n kh&ocirc;ng nhiều. C&aacute;c cụ quan niệm thưởng thức m&oacute;n ăn chứ kh&ocirc;ng phải ăn để lấy no. Mỗi m&oacute;n ăn được l&agrave;m tỉ mỉ, cẩn thận v&igrave; thế khi thưởng thức cũng l&agrave; lối nh&acirc;m nhi, từ tốn từng miếng nhỏ, cảm nhận từ đầu lưỡi để tận hưởng đến tận c&ugrave;ng những hương vị chứa đựng trong mỗi m&oacute;n ăn. Như vậy, ch&uacute;ng ta đ&atilde; c&oacute; một Việt Nam &ldquo;ngh&igrave;n năm văn hiến&rdquo;, c&oacute; một H&agrave; Nội &ldquo;ngh&igrave;n năm văn vật&rdquo; th&igrave; tại sao lại kh&ocirc;ng c&oacute; - v&agrave; thật ra l&agrave; bao h&agrave;m trong đ&oacute; - một Di sản văn h&oacute;a ẩm thực Việt Nam - ẩm thực H&agrave; Nội.</p>\r\n\r\n<p style="text-align:right"><em>Sưu tầm</em></p>\r\n', '<p>Nearly thousand years old, served as the capital of many dynasties, the lifestyle of the people of Thang Long - Hanoi in particular thus reinforced, higher cultural level, including customs, eating habits ... are many regions in the country recognized as a worthy follow, if any additional conditions. Besides cuisines nature gaudy palace, ceremonial has very affordable cuisine style, simplicity, simplicity. There &quot;luxury food&quot; have &quot;sidewalk dining&quot;; some meals outside the Hanoi is home to many delicious little gift place match.</p>\r\n\r\n<p>Culinary culture of Hanoi firstly in that fine chinaware, &quot;regardless of your precious crystal lake lake majority&quot;, the bar scene, tasty and fresh, clean, sophisticated processing with high art, any item of Likasi, Full spices for each dish brings a distinct characteristics. With incalculable ways of Hanoi eat accustomed to elegant dining. Season was awake, hour Likasi. March break bread bread vegetarian, eating mooncakes August, month and rice wine, red autumn or eat cereal with banana egg hoes ...</p>\r\n\r\n<p style="text-align:justify"><img alt="Bánh cuốn Hà Nội" src="http://gl.amthuc365.vn/uploads/i/Tin_Tuc/2015/1-7/b%C3%A1nh-cu%E1%BB%91n-H%C3%A0-N%E1%BB%99i.jpg" style="background-attachment:initial; background-clip:initial; background-image:initial; background-origin:initial; background-position:initial; background-repeat:initial; background-size:initial; border:0px; box-shadow:rgb(204, 204, 204) 1px 1px 3px; display:block; margin:0px auto 10px; max-width:500px; padding:10px; width:500px" title="Bánh cuốn Hà Nội" /></p>\r\n\r\n<p style="text-align:center">Rolls Thanh Tri</p>\r\n\r\n<p>Morning is the Thanh Tri-rolls, sticky rice Hoang Mai, new dark continent t&agrave;o amnesty food, Greek food down the hole night complaining roof, lunch bun cha Hanoi ... The food is not what delicacy, only is reminiscent of rustic dishes taste but those remote Hanoi Hanoi never forget.</p>\r\n\r\n<p>Hanoi cuisine is mentioned much in poetry, writers, journalists as Pham Dinh Ho, Cao Ba Quat, Vu Bang, Nguyen Tuan Thach Lam, Ice Son, Mai Khoi ... Maybe quote as a range of culinary specialties Hanoi folk verses, proverbs tradition: bread drifting Ga village, Warts and village noodle Tu Ky village, dress Lightning perch, holding ginseng West Lake, Canh orange, Dien grapefruit, banana Su , the whole village, Thanh Tri-rolls, banh Ke village, village Compared buds, molded cake of dust, like the village of Sui, Chem rolls, nem Draw ...</p>\r\n\r\n<p>As for gifts, the art of Hanoi raised dining climb many steps. Speaking of soup, people think of pho North, which is not where Pho Bac Hanoi pho .. Whenever using any saw Hanoian pho but stopped quiz who are the followers of the right ....</p>\r\n\r\n<p>Rolls do Thach Lam Thanh Tri have likened it to the array of silk, cool the tongue. Exotic snail noodle dish of Hanoi, with hot dishes, cold dishes, ham flavor with sour dishes, dishes that Thach Lam have seen girls eat it, tears dripping as spicy as sour, he commented drops This was true tears than tears of love. Aside from eating, drinking Hanoi also very careful and thoughtful.</p>\r\n\r\n<p>Many families Hanoi Tet indispensable taste the calm, cool sweet lotus tea cup, that&#39;s flavored tea of ​​West Lake lotus very picky. Restaurant La Vong fried fish was like a brand is widely known at home and abroad.</p>\r\n\r\n<p style="text-align:justify"><img alt="Chả cá lã vọng" src="http://gl.amthuc365.vn/uploads/i/Tin_Tuc/2015/1-7/cha-ca-la-vong-net-van-hoa-rieng-cua-pho-co.jpg" style="background-attachment:initial; background-clip:initial; background-image:initial; background-origin:initial; background-position:initial; background-repeat:initial; background-size:initial; border:0px; box-shadow:rgb(204, 204, 204) 1px 1px 3px; display:block; margin:0px auto 10px; max-width:500px; padding:10px; width:500px" title="Chả cá lã vọng" /></p>\r\n\r\n<p style="text-align:center">Cha Ca La Vong</p>\r\n\r\n<p>Cai This unique dishes from the late 19th century, according to retransmit the popular dishes from the genus they Delegation in Hang Son, Ha Noi, until resounding reputation of La Vong fried fish which was renamed Hang Cha Ca Son city. Hanoi feast dishes are processed in a very sophisticated, artistic sophisticated, sometimes the chefs have become culinary artist as artisan Dinh Ba Chau Anh Tuyet ... perform.</p>\r\n\r\n<p>How to eat the old Hanoi very delicate, fussy, a multi-course meal deck usually not much but every dish. The notion Tools enjoying food and not eat to get full. Each dish is made meticulous, careful so as well as enjoy sipping entrance, slowly into pieces, felt from the tongue to the end to enjoy the taste of each dish contained. Thus, we had a Vietnam &quot;thousand years of civilization&quot;, Hanoi had a &quot;thousand years of cultural objects,&quot; then why is not there - and actually is contained in it - a culinary cultural heritage Vietnam - Hanoi cuisine.</p>\r\n\r\n<p style="text-align:right"><strong>Collect</strong></p>\r\n', 'uploads/image/10c7249dc5ae62f04ba604ef72c910a1.jpeg', 0, 0, 1, '2015-07-06 15:25:57', '2015-08-17 14:04:47'),
(2, 'Về Vạn Ninh-Khánh Hòa Thưởng Thức Bún Mực', 'About Van Ninh-Khanh Hoa Muc Bun Appreciation', 've-van-ninh-khanh-hoa-thuong-thuc-bun-muc', 'about-van-ninh-khanh-hoa-muc-bun-appreciation', 'Ai qua huyện Vạn Ninh của tỉnh Khánh Hòa cũng muốn một lần nếm thử món đặc sản nổi tiếng tại nơi đây, bún mực Vạn Ninh...', 'Who through Van Ninh district, Khanh Hoa province also wants once tasted the famous specialties here that Van Ninh ink noodles ...', '<p style="text-align:center"><img alt="" src="/assets/admin/kcfinder/upload/images/bun-muc-phu-yen.jpg" style="height:310px; width:450px" /></p>\r\n\r\n<p style="text-align:justify">Bắt đầu từ đ&egrave;o Cổ M&atilde;, c&aacute;c qu&aacute;n b&uacute;n mực nằm rải theo Quốc lộ 1A chạy d&agrave;i đến Đại L&atilde;nh.</p>\r\n\r\n<p style="text-align:justify">V&ugrave;ng biển Đại L&atilde;nh m&ugrave;a n&agrave;o cũng c&oacute; mực ngon. Con mực cỡ trung, loại don don kh&ocirc;ng lớn qu&aacute;, tthịt c&ograve;n tươi roi r&oacute;i; Mực mới đ&aacute;nh bắt đem về chế biến chắc chắn c&oacute; vị ngọt đặc trưng. Nước l&egrave;o d&ugrave;ng trong m&oacute;n ăn m&oacute;n ngon phải phụ thuộc v&agrave;o độ tươi của mực, mực c&agrave;ng tươi nấu nước l&egrave;o c&agrave;ng ngon.</p>\r\n\r\n<p style="text-align:justify">M&oacute;n ăn với những nguy&ecirc;n liệu rất đơn giản như c&agrave; chua, h&agrave;nh t&acirc;y, thơm, h&agrave;nh l&aacute;&hellip; rau ăn k&egrave;m chung với m&oacute;n b&uacute;n mực th&igrave; thường c&oacute; x&agrave; l&aacute;ch, rau thơm c&aacute;c loại. C&aacute;ch nấu m&oacute;n ăn n&agrave;y tương đối đơn giản kh&ocirc;ng c&oacute; g&igrave; phực tạp.</p>\r\n\r\n<p style="text-align:justify">C&aacute;ch nấu n&agrave;y c&ograve;n được người d&acirc;n địa phường nơi đ&acirc;y quen gọi l&agrave; nấu ng&oacute;t hay nấu ngọt. Đặc biệt ở c&aacute;c qu&aacute;n ăn l&agrave; khi c&oacute; kh&aacute;ch đầu bếp mới bắt đầu l&agrave;m m&oacute;n chứ kh&ocirc;ng l&agrave;m m&oacute;n trước như c&aacute;c m&oacute;n ăn kh&aacute;c.</p>\r\n\r\n<p style="text-align:justify">Điều th&uacute; vị l&agrave; vượt qua ranh giới đ&egrave;o Cả giữa hai tỉnh Ph&uacute; Y&ecirc;n v&agrave; Kh&aacute;nh Ho&agrave;, m&oacute;n b&uacute;n mực lại được chế biến kiểu kh&aacute;c nhưng ngon kh&ocirc;ng k&eacute;m. Nếu ở Vạn Ninh nấu bằng mực ống, mực l&aacute;&hellip; th&igrave; b&uacute;n mực Ph&uacute; Y&ecirc;n chỉ chế biến từ mực cơm.</p>\r\n\r\n<p style="text-align:justify">Loại mực n&agrave;y ngọt, kh&ocirc;ng dai, ruột trắng. Con mực chỉ nhỉnh hơn l&oacute;ng tay một ch&uacute;t v&agrave; tươi xanh. M&oacute;n b&uacute;n mực của từng v&ugrave;ng đều kh&aacute;c nhau, kh&aacute;c nhau kh&ocirc;ng chỉ c&aacute;ch nấu m&agrave; c&ograve;n về nguy&ecirc;n liệu ch&iacute;nh, m&agrave; nguy&ecirc;n liệu chủ yếu ở đ&acirc;y l&agrave; từng loại mực</p>\r\n\r\n<p style="text-align:justify">Cũng c&ugrave;ng một m&oacute;n b&uacute;n m&agrave; c&aacute;ch nấu ở mỗi nơi mỗi kh&aacute;c nhau. Nếu ở Vạn Ninh nấu ngọt (nước trong) th&igrave; b&uacute;n mực Ph&uacute; Y&ecirc;n lại nấu theo kiểu nấu chua. C&agrave; chua th&aacute;i nhỏ, x&agrave;o qua dầu cho ra m&agrave;u rồi nấu. M&oacute;n b&uacute;n mực ở Ph&uacute; Y&ecirc;n tuỳ m&ugrave;a mực. B&uacute;n mực Vạn Ninh m&ugrave;a n&agrave;o cũng c&oacute; bởi c&aacute;ch chế biến kh&ocirc;ng k&eacute;n mực.</p>\r\n', '<p style="text-align:center"><img alt="" src="/assets/admin/kcfinder/upload/images/bun-muc-phu-yen.jpg" style="height:310px; width:450px" /></p>\r\n\r\n<p>Starting Co Ma, the ink Bun scattered along Highway 1A that runs to Dai Lanh.</p>\r\n\r\n<p>Coastal Dai Lanh season is also a good level. Medium-sized squid, kind don don not too large, fresh tthit and left; New ink caught bringing in processing certainly characteristic sweetness. Soups used in gourmet dishes depends on the freshness of squid, cuttlefish cooked as fresh as delicious soups.</p>\r\n\r\n<p>Dishes with simple ingredients such as tomatoes, onions, pineapple, green onions ... vegetable noodle dish served with squid usually have salads, herbs of all kinds. How to cook this dish is relatively simple nothing complicated.</p>\r\n\r\n<p>This is also how to cook local people here known as shrinkage or cook sweet cook. Especially in restaurants is when new guests begin chef cooked dishes, not as before as the other dishes.</p>\r\n\r\n<p>It is interesting that crosses the boundary between the two provinces Ca Pass Phu Yen and Khanh Hoa, noodle dishes, is processed ink types but no less tasty. If in Van Ninh cooked in squid, squid ink noodles Phu Yen ... the only ink made from rice.</p>\r\n\r\n<p>Inks sweet, not chewy, white flesh. Squid fingers just over a little green and fresh. Ink noodle dishes of each region is different, not just how to cook different but also the main raw material, but raw material here is mostly individual inks</p>\r\n\r\n<p>Just the same, but how to cook noodle dishes in each different place each. If in Van Ninh cooked fresh (water), then the cooked noodles Phu Yen ink style sour cook. Diced tomatoes, stir through and cook oil out color. Noodle dishes in Phu Yen ink cartridge depending season. Van Ninh ink bun season has not cocoon processing by ink.</p>\r\n', 'uploads/image/5ba414e25756ee9f67c946edd0da21f8.jpeg', 0, 0, 1, '2015-07-06 15:32:03', '2015-08-17 14:01:20'),
(4, 'Cá hấp hành gừng ngon miệng, "ngon mắt"', 'Steamed fish with ginger tasty, "good eye"', 'ca-hap-hanh-gung-ngon-mieng-ngon-mat', 'steamed-fish-with-ginger-tasty-good-eye', 'Chị em cùng trổ tài làm món cá hấp hành, gừng thơm ngon, hấp dẫn cho cả nhà thưởng thức nhé!', 'Sisters jointly funding steamed fish cooked onions, ginger tasty, appealing for the whole family to enjoy offline!', '<div class="text-conent" style="font-family: Arial, Helvetica, sans-serif; font-size: 12px; text-align: justify; color: rgb(0, 0, 0); line-height: normal;">\r\n<p><span style="font-size:14px"><strong>Nguy&ecirc;n liệu:</strong></span></p>\r\n\r\n<p><span style="font-size:14px">- 1 con c&aacute; t&ugrave;y th&iacute;ch khoảng 1kg</span></p>\r\n\r\n<p><span style="font-size:14px">- 1 quả dưa chuột; 10g h&agrave;nh; 5g đỗ&nbsp;xanh xắt nhỏ (hoặc hạt đậu H&agrave; Lan); 2 quả ớt đỏ, xắt nhỏ; 10g tỏi; 10g gừng;&nbsp;muối; 15ml x&igrave; dầu; 15ml dấm trắng; 15ml rượu</span></p>\r\n\r\n<p><span style="font-size:14px"><strong>C&aacute;ch l&agrave;m:</strong></span></p>\r\n\r\n<p><span style="font-size:14px">Bước 1:&nbsp;C&aacute; rửa sạch, rồi thấm kh&ocirc; bằng khăn giấy. Cắt đứt phần đầu v&agrave; đu&ocirc;i c&aacute;. H&agrave;nh tỏi băm nhỏ, gừng th&aacute;i chỉ nhỏ.</span></p>\r\n\r\n<p><span style="font-size:14px">C&ograve;n phần th&acirc;n c&ograve;n lại của c&aacute;, d&ugrave;ng dao thật sắc cắt c&aacute; th&agrave;nh c&aacute;c kh&uacute;c c&oacute; độ d&agrave;y từ 0.5-1cm. Lưu &yacute;, kh&ocirc;ng cắt đứt phần bụng c&aacute;.</span></p>\r\n\r\n<p style="text-align:center"><span style="font-size:14px">&nbsp;</span></p>\r\n\r\n<p><span style="font-size:14px">Bước 2:&nbsp;Xếp c&aacute; v&agrave;o một đĩa loại c&oacute; viền cao bao quanh cho đẹp mắt như trong h&igrave;nh. Rắc h&agrave;nh, tỏi, gừng v&agrave; rưới đều rượu l&ecirc;n c&aacute;.</span></p>\r\n\r\n<p><span style="font-size:14px">Cho dấm, muối h&ograve;a đều trong một b&aacute;t. Rưới hỗn hợp dấm muối l&ecirc;n c&aacute;. Ướp như vậy trong 10 ph&uacute;t.</span></p>\r\n\r\n<p style="text-align:center"><span style="font-size:14px">&nbsp;</span></p>\r\n\r\n<p><span style="font-size:14px">Bước 3:&nbsp;Đun s&ocirc;i nồi hấp với lửa lớn. Sau đ&oacute; cho khay c&aacute; v&agrave;o nồi rồi hấp ch&iacute;n.</span></p>\r\n\r\n<p><span style="font-size:14px">Trang tr&iacute; l&ecirc;n c&aacute; ớt với đậu xanh, dưa chuột. Phun &iacute;t dầu ăn đun n&oacute;ng v&agrave; x&igrave; dầu l&ecirc;n c&aacute; rồi thưởng thức nh&eacute;!</span></p>\r\n\r\n<p style="text-align:center"><span style="font-size:14px">&nbsp;</span></p>\r\n\r\n<p style="text-align:center"><span style="font-size:14px">&nbsp;</span></p>\r\n\r\n<p style="text-align:center"><span style="font-size:14px">Ch&uacute;c c&aacute;c bạn th&agrave;nh c&ocirc;ng v&agrave; ngon miệng với m&oacute;n c&aacute; hấp h&agrave;nh gừng!</span></p>\r\n</div>\r\n\r\n<div class="nguontin" style="font-family: Arial, Helvetica, sans-serif; font-size: 12px; text-align: right; padding: 5px 0px 10px; font-weight: bold; line-height: normal;"><span style="font-size:14px">Theo Như Lan (Kh&aacute;m ph&aacute;</span></div>\r\n', '<div class="text-conent" style="font-family: Arial, Helvetica, sans-serif; font-size: 12px; text-align: justify; color: rgb(0, 0, 0); line-height: normal;">\r\n<p><strong>Material:</strong></p>\r\n\r\n<p>- 1 fish freely around 1kg</p>\r\n\r\n<p>- 1 cucumber; 10g onion; 5g chopped green beans (or peas); 2 red chilies, finely chopped; 10g garlic; 10g ginger; salt; 15ml soy sauce; 15ml white vinegar; 15ml alcohol</p>\r\n\r\n<p><strong>Making:</strong></p>\r\n\r\n<p><strong>Step 1:</strong> Fish washed, then blot dry with a paper towel. Cut off the head and tail. Minced garlic, ginger slightest move.</p>\r\n\r\n<p>As for the remaining part of the fish body, very sharp knife cut the fish into chunks from 0.5-1cm thickness. Note, do not cut off the fish abdomen.</p>\r\n\r\n<p>&nbsp;</p>\r\n\r\n<p><strong>Step 2:</strong> Put the fish on a plate surrounded kind have high rim for spectacular as in Fig. Sprinkle the onion, garlic, ginger and wine over fish and sprinkle them.</p>\r\n\r\n<p>Let the vinegar and salt in a bowl Air offers. Sprinkle salt and vinegar mixture over fish. Such Marinate for 10 minutes.</p>\r\n\r\n<p>&nbsp;</p>\r\n\r\n<p><strong>Step 3:</strong> Boil over high heat autoclaving. Then the tray into pot and boiled fish.</p>\r\n\r\n<p>Fish with chilli decorate green beans, cucumbers. Spray little heated cooking oil and soy sauce over fish and enjoy offline!</p>\r\n\r\n<p>&nbsp;</p>\r\n\r\n<p>I wish you success and delicious with steamed fish with ginger!</p>\r\n\r\n<p style="text-align: right;"><strong>By Nhu Lan (Discovery)</strong></p>\r\n</div>\r\n', 'uploads/image/2408e5e6236c9dc276327c77b6a9c544.jpeg', 0, 0, 1, '2015-07-23 16:27:17', '2015-08-17 14:00:06'),
(5, 'Trùng trục xào hẹ dân dã mà ngon', 'Sauté shallots axis coincides rustic but delicious', 'trung-truc-xao-he-dan-da-ma-ngon', 'saute-shallots-axis-coincides-rustic-but-delicious', 'Thay vì đem nấu canh chua, chị em thử chế biến trùng trục thành món xào đơn giản nhưng ngon miệng như thế này xem sao nhé!', 'Instead of bringing sour soup, you try processing axis coincides simple dish but delicious fried like this see star light!', '<div class="text-conent" id="baiviet-container" style="font-family: Arial, Helvetica, sans-serif; font-size: 12px; text-align: justify; color: rgb(61, 61, 61); line-height: 16px;">\r\n<p><strong>Nguy&ecirc;n liệu:</strong></p>\r\n\r\n<p>- Tr&ugrave;ng trục: 1kg<br />\r\n- L&aacute; hẹ: 1 mớ<br />\r\n- H&agrave;nh kh&ocirc;: 1 củ<br />\r\n- Bột nghệ: 1 th&igrave;a<br />\r\n- Gia vị: dầu ăn, bột n&ecirc;m, bột canh, m&igrave; ch&iacute;nh (nếu bạn kh&ocirc;ng sử dụng m&igrave; ch&iacute;nh cũng được).</p>\r\n\r\n<p style="text-align:center">&nbsp;<img alt="Trùng trục xào hẹ dân dã mà ngon - 1" class="news-image" id="news-image-id-0" src="http://eva-img.24hstatic.com/upload/3-2015/images/2015-07-22/1437529747-trung-truc-xao-he-1.jpg" style="border:0px; height:375px; margin-bottom:5px; max-width:500px !important; width:500px" /></p>\r\n\r\n<p><strong>C&aacute;ch l&agrave;m:</strong></p>\r\n\r\n<p><strong>Bước 1:&nbsp;</strong>Tr&ugrave;ng trục rửa sạch, cho v&agrave;o nồi luộc sơ đến khi tr&ugrave;ng trục h&aacute; miệng.</p>\r\n\r\n<p style="text-align:center">&nbsp;<img alt="Trùng trục xào hẹ dân dã mà ngon - 2" class="news-image" id="news-image-id-1" src="http://eva-img.24hstatic.com/upload/3-2015/images/2015-07-22/1437529747-trung-truc-xao-he-3.jpg" style="border:0px; height:392px; margin-bottom:5px; max-width:500px !important; width:500px" /></p>\r\n\r\n<p>Nhặt lấy phần thịt tr&ugrave;ng trục, phần nước gạn bỏ cặn rồi c&oacute; d&ugrave;ng để nấu canh chua. Với con tr&ugrave;ng trục n&agrave;o ruột to, c&oacute; chất cặn bẩn b&ecirc;n trong bạn c&oacute; thể b&oacute;p bỏ rồi rửa sạch, để r&aacute;o nước.</p>\r\n\r\n<p style="text-align:center">&nbsp;<img alt="Trùng trục xào hẹ dân dã mà ngon - 3" class="news-image" id="news-image-id-2" src="http://eva-img.24hstatic.com/upload/3-2015/images/2015-07-22/1437529747-trung-truc-xao-he-4.jpg" style="border:0px; height:412px; margin-bottom:5px; max-width:500px !important; width:500px" /></p>\r\n\r\n<p><strong>Bước 2:&nbsp;</strong>L&aacute; hẹ rửa sạch, cắt kh&uacute;c. H&agrave;nh kh&ocirc; băm nhỏ.</p>\r\n\r\n<p style="text-align:center">&nbsp;<img alt="Trùng trục xào hẹ dân dã mà ngon - 4" class="news-image" id="news-image-id-3" src="http://eva-img.24hstatic.com/upload/3-2015/images/2015-07-22/1437529747-trung-truc-xao-he-2.jpg" style="border:0px; height:393px; margin-bottom:5px; max-width:500px !important; width:500px" /></p>\r\n\r\n<p><strong>Bước 3:&nbsp;</strong>Phi thơm h&agrave;nh kh&ocirc; với dầu ăn, cho tr&ugrave;ng trục v&agrave;o x&agrave;o. N&ecirc;m 1 th&igrave;a canh bột n&ecirc;m. Tiếp đến cho l&aacute; hẹ v&agrave;o x&agrave;o c&ugrave;ng, đảo nhanh tay để l&aacute; hẹ kh&ocirc;ng bị ch&iacute;n qu&aacute;. N&ecirc;m lại gia vị cho vừa miệng, th&ecirc;m 1 th&igrave;a m&igrave; ch&iacute;nh (t&ugrave;y &yacute;) rồi tắt bếp. Tr&uacute;t tr&ugrave;ng trục x&agrave;o hẹ ra đĩa.</p>\r\n\r\n<p style="text-align:center">&nbsp;<img alt="Trùng trục xào hẹ dân dã mà ngon - 5" class="news-image" id="news-image-id-4" src="http://eva-img.24hstatic.com/upload/3-2015/images/2015-07-22/1437529747-trung-truc-xao-he-5.jpg" style="border:0px; height:387px; margin-bottom:5px; max-width:500px !important; width:500px" /></p>\r\n\r\n<p>Tr&ugrave;ng trục x&agrave;o l&aacute; hẹ tuy đơn giản nhưng v&ocirc; c&ugrave;ng hấp dẫn.</p>\r\n\r\n<p style="text-align:center">&nbsp;<img alt="Trùng trục xào hẹ dân dã mà ngon - 6" class="news-image" id="news-image-id-5" src="http://eva-img.24hstatic.com/upload/3-2015/images/2015-07-22/1437529747-trung-truc-xao-he-6.jpg" style="border:0px; height:389px; margin-bottom:5px; max-width:500px !important; width:500px" /></p>\r\n\r\n<p>Từng miếng tr&ugrave;ng trục mềm mềm, l&aacute; hẹ thơm thơm, ăn với cơm cũng rất hợp nh&eacute;.&nbsp;</p>\r\n\r\n<p style="text-align:right">&nbsp;</p>\r\n\r\n<p style="text-align:right">Theo Hương Qu&yacute; (Kh&aacute;m ph&aacute;)</p>\r\n\r\n<p style="text-align:center">&nbsp;</p>\r\n</div>\r\n', '<p><strong>Material</strong>:</p>\r\n\r\n<p>- Coinciding axis: 1kg<br />\r\n- Shallot: 1 bunch<br />\r\n- Dried onion: 1 bulb<br />\r\n- Powder technology: 1 tablespoon<br />\r\n- Spices: cooking oil, seasoning, soup, seasoning (if you do not use glutamate also).</p>\r\n\r\n<p style="text-align:center">&nbsp;<img alt="Trùng trục xào hẹ dân dã mà ngon - 1" class="news-image" id="news-image-id-0" src="http://eva-img.24hstatic.com/upload/3-2015/images/2015-07-22/1437529747-trung-truc-xao-he-1.jpg" style="border:0px; height:375px; margin-bottom:5px; max-width:500px !important; width:500px" /></p>\r\n\r\n<p><strong>Making:</strong></p>\r\n\r\n<p><strong>Step 1:</strong> Chongqing axis washed into a saucepan until lightly cooked gaping shaft coincide</p>\r\n\r\n<p style="text-align:center">&nbsp;<img alt="Trùng trục xào hẹ dân dã mà ngon - 2" class="news-image" id="news-image-id-1" src="http://eva-img.24hstatic.com/upload/3-2015/images/2015-07-22/1437529747-trung-truc-xao-he-3.jpg" style="border:0px; height:392px; margin-bottom:5px; max-width:500px !important; width:500px" /></p>\r\n\r\n<p style="text-align:justify">Pick up the meat section axis coincide, the decanted water residue can then be used to sour soup. With any large-bore shaft worm, containing residue inside you can squeeze drop then washed, drained.</p>\r\n\r\n<p style="text-align:center">&nbsp;<img alt="Trùng trục xào hẹ dân dã mà ngon - 3" class="news-image" id="news-image-id-2" src="http://eva-img.24hstatic.com/upload/3-2015/images/2015-07-22/1437529747-trung-truc-xao-he-4.jpg" style="border:0px; height:412px; margin-bottom:5px; max-width:500px !important; width:500px" /></p>\r\n\r\n<p style="text-align:justify"><strong>Step 2</strong>: Shallot washed, cut into pieces. Chopped shallots.</p>\r\n\r\n<p style="text-align:center">&nbsp;<img alt="Trùng trục xào hẹ dân dã mà ngon - 4" class="news-image" id="news-image-id-3" src="http://eva-img.24hstatic.com/upload/3-2015/images/2015-07-22/1437529747-trung-truc-xao-he-2.jpg" style="border:0px; height:393px; margin-bottom:5px; max-width:500px !important; width:500px" /></p>\r\n\r\n<p style="text-align:justify"><strong>Step 3:</strong> Non-aromatic shallots with oil, stir-fry for identical axis. Season with 1 tablespoon seasoning salt. Next to the last leaf fried shallots, chives island quickly to leaf from ripening too. Season with spices to taste mouth again, add 1 teaspoon seasoning (optional) and turn off the stove. Drain the fried shallots axis coincides disc.</p>\r\n\r\n<p style="text-align:center">&nbsp;<img alt="Trùng trục xào hẹ dân dã mà ngon - 5" class="news-image" id="news-image-id-4" src="http://eva-img.24hstatic.com/upload/3-2015/images/2015-07-22/1437529747-trung-truc-xao-he-5.jpg" style="border:0px; height:387px; margin-bottom:5px; max-width:500px !important; width:500px" /></p>\r\n\r\n<p style="text-align:justify">Fried shallot leaf axis coincides simple but attractive.</p>\r\n\r\n<p style="text-align:center">&nbsp;<img alt="Trùng trục xào hẹ dân dã mà ngon - 6" class="news-image" id="news-image-id-5" src="http://eva-img.24hstatic.com/upload/3-2015/images/2015-07-22/1437529747-trung-truc-xao-he-6.jpg" style="border:0px; height:389px; margin-bottom:5px; max-width:500px !important; width:500px" /></p>\r\n\r\n<p style="text-align:justify">Axis coincides pieces soft, fragrant aromatic leaf chives, served with rice very well with offline.</p>\r\n\r\n<p style="text-align:right">&nbsp;</p>\r\n\r\n<p style="text-align:right">Theo Hương Qu&yacute; (Kh&aacute;m ph&aacute;)</p>\r\n', 'uploads/image/db11578a72d7252eac6d2cf81088b1c3.jpeg', 0, 0, 1, '2015-07-23 16:36:29', '2015-08-17 13:57:09'),
(6, 'Cách tráng trứng hoàn hảo', 'How perfect egg coated', 'cach-trang-trung-hoan-hao', 'how-perfect-egg-coated', 'Tuy là món ăn đơn giản nhưng để tráng được một quả trứng hoàn hảo không phải chị em nào cũng biết.', 'Despite being a simple dish but so magnificent was a perfect egg is not yet well known sisters.', '<p style="text-align:justify"><strong>Nguy&ecirc;n liệu:</strong></p>\r\n\r\n<p style="text-align:justify">&nbsp; &nbsp;- 1 quả trứng hoặc hơn</p>\r\n\r\n<p style="text-align:justify">&nbsp; &nbsp;- Bơ</p>\r\n\r\n<p style="text-align:justify"><em>Dụng cụ:</em></p>\r\n\r\n<p style="text-align:justify">&nbsp; &nbsp; - Chảo kh&ocirc;ng d&iacute;nh</p>\r\n\r\n<p style="text-align:justify">&nbsp; &nbsp; - Phới d&ugrave;ng tr&aacute;ng trứng</p>\r\n\r\n<p style="text-align:justify"><strong>C&aacute;ch l&agrave;m:</strong></p>\r\n\r\n<p style="text-align:justify"><strong>Bước 1:</strong>&nbsp;L&agrave;m n&oacute;ng chảo ở nhiệt độ trung b&igrave;nh. Khi bạn để tay c&aacute;ch mặt chảo khoảng 10cm th&igrave; cảm nhận được hơi n&oacute;ng l&agrave; được.</p>\r\n\r\n<p style="text-align:justify"><strong>Bước 2:&nbsp;</strong>Cho một miếng bơ v&agrave;o chảo, khi bơ tan chảy, l&aacute;ng đều bơ khắp mặt chảo.</p>\r\n\r\n<p style="text-align:center">&nbsp;<img alt="Cách tráng trứng hoàn hảo - 1" class="news-image" id="news-image-id-0" src="http://eva-img.24hstatic.com/upload/3-2015/images/2015-07-11/1436608735-2014-09-08-fried-egg-steps-1.jpg" style="border:0px; margin-bottom:5px; max-width:500px !important; opacity:0.9" /></p>\r\n\r\n<p style="text-align:justify"><strong>Bước 3:&nbsp;</strong>Khi bọt bơ lắng xuống, đập trứng cho v&agrave;o chảo.</p>\r\n\r\n<p style="text-align:center">&nbsp;<img alt="Cách tráng trứng hoàn hảo - 2" class="news-image" id="news-image-id-1" src="http://eva-img.24hstatic.com/upload/3-2015/images/2015-07-11/1436608862-2.jpg" style="border:0px; margin-bottom:5px; max-width:500px !important" /></p>\r\n\r\n<p style="text-align:justify"><strong>Bước 4:&nbsp;</strong>D&ugrave;ng đồng hồ đếm thời gian, ốp trứng trong 4 ph&uacute;t. Nếu muốn nhanh hơn bạn c&oacute; thể đậy vung.</p>\r\n\r\n<p style="text-align:center">&nbsp;<img alt="Cách tráng trứng hoàn hảo - 3" class="news-image" id="news-image-id-2" src="http://eva-img.24hstatic.com/upload/3-2015/images/2015-07-11/1436608862-3.jpg" style="border:0px; margin-bottom:5px; max-width:500px !important" /></p>\r\n\r\n<p style="text-align:justify"><strong>Bước 5:&nbsp;</strong>Nếu kh&ocirc;ng đậy vung, sau 4 ph&uacute;t, lấy trứng ra l&agrave; được!</p>\r\n\r\n<p style="text-align:center">&nbsp;<img alt="Cách tráng trứng hoàn hảo - 4" class="news-image" id="news-image-id-3" src="http://eva-img.24hstatic.com/upload/3-2015/images/2015-07-11/1436608862-1.jpg" style="border:0px; margin-bottom:5px; max-width:500px !important" /></p>\r\n\r\n<p style="text-align:center">&nbsp;<img alt="Cách tráng trứng hoàn hảo - 5" class="news-image" id="news-image-id-4" src="http://eva-img.24hstatic.com/upload/3-2015/images/2015-07-11/1436608862-4.jpg" style="border:0px; margin-bottom:5px; max-width:500px !important" /></p>\r\n\r\n<p style="text-align:center">&nbsp;</p>\r\n\r\n<p style="text-align:right"><strong>Theo Như Lan (Kh&aacute;m ph&aacute;)</strong></p>\r\n', '<p><strong>Material:</strong></p>\r\n\r\n<p>&nbsp; &nbsp; - 1 egg or more</p>\r\n\r\n<p>&nbsp; &nbsp; - Butter</p>\r\n\r\n<p><strong>Tool:</strong></p>\r\n\r\n<p>&nbsp; &nbsp; &nbsp;- Non-stick pan</p>\r\n\r\n<p>&nbsp; &nbsp; &nbsp;- Embryos using eggs coated</p>\r\n\r\n<p><strong>Making:</strong></p>\r\n\r\n<p><strong>Step 1:</strong> Preheat skillet on medium heat. When you put your hand pan about 10cm from the surface, the heat felt is was.</p>\r\n\r\n<p><strong>Step 2:</strong> Put a piece of butter into the pan, the butter melted, smooth all over face butter pan.</p>\r\n\r\n<p style="text-align:center">&nbsp;<img alt="Cách tráng trứng hoàn hảo - 1" class="news-image" id="news-image-id-0" src="http://eva-img.24hstatic.com/upload/3-2015/images/2015-07-11/1436608735-2014-09-08-fried-egg-steps-1.jpg" style="border:0px; margin-bottom:5px; max-width:500px !important; opacity:0.9" /></p>\r\n\r\n<p style="text-align:justify"><strong>Step 3:</strong> When butter foam subsides, add the eggs to the pan.</p>\r\n\r\n<p style="text-align:center">&nbsp;<img alt="Cách tráng trứng hoàn hảo - 2" class="news-image" id="news-image-id-1" src="http://eva-img.24hstatic.com/upload/3-2015/images/2015-07-11/1436608862-2.jpg" style="border:0px; margin-bottom:5px; max-width:500px !important" /></p>\r\n\r\n<p style="text-align:justify"><strong>Step 4</strong>: Use a timer clock, paneled eggs for 4 minutes. If you want faster than you can cover region.</p>\r\n\r\n<p style="text-align:center">&nbsp;<img alt="Cách tráng trứng hoàn hảo - 3" class="news-image" id="news-image-id-2" src="http://eva-img.24hstatic.com/upload/3-2015/images/2015-07-11/1436608862-3.jpg" style="border:0px; margin-bottom:5px; max-width:500px !important" /></p>\r\n\r\n<p style="text-align:justify"><strong>Step 5</strong>: If not covered region, after 4 minutes, get an egg is!</p>\r\n\r\n<p style="text-align:center">&nbsp;<img alt="Cách tráng trứng hoàn hảo - 4" class="news-image" id="news-image-id-3" src="http://eva-img.24hstatic.com/upload/3-2015/images/2015-07-11/1436608862-1.jpg" style="border:0px; margin-bottom:5px; max-width:500px !important" /></p>\r\n\r\n<p style="text-align:center">&nbsp;<img alt="Cách tráng trứng hoàn hảo - 5" class="news-image" id="news-image-id-4" src="http://eva-img.24hstatic.com/upload/3-2015/images/2015-07-11/1436608862-4.jpg" style="border:0px; margin-bottom:5px; max-width:500px !important" /></p>\r\n\r\n<p style="text-align:center">&nbsp;</p>\r\n\r\n<p style="text-align:right"><strong>By Nhu&nbsp;Lan (Kham pha)</strong></p>\r\n', 'uploads/image/25b56ca3888ebf62e4cba3e2d4814e4d.jpeg', 0, 0, 1, '2015-07-23 16:51:40', '2015-08-17 13:53:39');

-- --------------------------------------------------------

--
-- Table structure for table `categories`
--

CREATE TABLE IF NOT EXISTS `categories` (
  `id` int(11) NOT NULL AUTO_INCREMENT,
  `parent_id` int(11) NOT NULL DEFAULT '0',
  `title` varchar(256) NOT NULL,
  `alias` varchar(256) NOT NULL,
  `description` text,
  `title_en` varchar(255) NOT NULL,
  `alias_en` varchar(255) NOT NULL,
  `description_en` text NOT NULL,
  `position` int(11) DEFAULT '0',
  `image` varchar(255) NOT NULL,
  `status` int(1) DEFAULT '0',
  `created_at` datetime DEFAULT NULL,
  `updated_at` datetime DEFAULT NULL,
  PRIMARY KEY (`id`)
) ENGINE=InnoDB  DEFAULT CHARSET=utf8 AUTO_INCREMENT=6 ;

--
-- Dumping data for table `categories`
--

INSERT INTO `categories` (`id`, `parent_id`, `title`, `alias`, `description`, `title_en`, `alias_en`, `description_en`, `position`, `image`, `status`, `created_at`, `updated_at`) VALUES
(1, 0, 'Sản phẩm', 'san-pham', 'Sản phẩm', 'Product', 'product', 'Product', 1, '', 1, '2015-06-20 08:47:06', '2015-08-17 09:51:15'),
(2, 0, 'Tin tức - Sự kiện', 'tin-tuc-su-kien', 'Tin tức - Sự kiện', 'News  events', 'news-events', 'News  events', 2, '', 1, '2015-06-20 09:56:55', '2015-08-17 09:52:21'),
(3, 0, 'Góc ẩm thực', 'goc-am-thuc', 'Góc ẩm thực', 'culinar', 'culinar', 'culinar', 1, '', 1, '2015-06-20 10:00:59', '2015-08-17 09:50:54'),
(4, 1, 'Sản phẩm khô', 'san-pham-kho', 'Sản phẩm khô', 'Dry Product', 'dry-product', 'Dry Product', 1, 'uploads/image/d59ec35c663df3970844cb75870d6baf.jpeg', 1, '2015-06-23 16:36:20', '2015-08-17 09:51:30'),
(5, 1, 'Sản phẩm tươi', 'san-pham-tuoi', 'Sản phẩm tươi', 'Fresh product', 'fresh-product', 'Fresh product', 2, 'uploads/image/332d9dde968326c10a46bca44b76ad74.jpeg', 1, '2015-06-27 02:23:55', '2015-08-17 09:51:56');

-- --------------------------------------------------------

--
-- Table structure for table `categories_news`
--

CREATE TABLE IF NOT EXISTS `categories_news` (
  `id` int(11) unsigned NOT NULL AUTO_INCREMENT,
  `category_id` int(11) NOT NULL,
  `new_id` int(11) NOT NULL,
  `type` varchar(10) DEFAULT 'P',
  `created_at` datetime DEFAULT NULL,
  `updated_at` datetime DEFAULT NULL,
  PRIMARY KEY (`id`),
  KEY `fk_category` (`category_id`)
) ENGINE=InnoDB  DEFAULT CHARSET=utf8 AUTO_INCREMENT=54 ;

--
-- Dumping data for table `categories_news`
--

INSERT INTO `categories_news` (`id`, `category_id`, `new_id`, `type`, `created_at`, `updated_at`) VALUES
(40, 4, 7, 'P', '2015-08-17 10:04:49', '2015-08-17 10:04:49'),
(41, 5, 6, 'P', '2015-08-17 10:05:43', '2015-08-17 10:05:43'),
(43, 4, 5, 'P', '2015-08-17 10:08:27', '2015-08-17 10:08:27'),
(44, 4, 4, 'P', '2015-08-17 10:09:36', '2015-08-17 10:09:36'),
(46, 5, 2, 'P', '2015-08-17 13:49:44', '2015-08-17 13:49:44'),
(47, 5, 3, 'P', '2015-08-17 13:50:24', '2015-08-17 13:50:24'),
(48, 2, 6, 'A', '2015-08-17 13:53:39', '2015-08-17 13:53:39'),
(49, 3, 5, 'A', '2015-08-17 13:57:09', '2015-08-17 13:57:09'),
(50, 3, 4, 'A', '2015-08-17 14:00:06', '2015-08-17 14:00:06'),
(51, 2, 2, 'A', '2015-08-17 14:01:20', '2015-08-17 14:01:20'),
(53, 3, 1, 'A', '2015-08-17 14:04:47', '2015-08-17 14:04:47');

-- --------------------------------------------------------

--
-- Table structure for table `groups`
--

CREATE TABLE IF NOT EXISTS `groups` (
  `id` int(11) NOT NULL AUTO_INCREMENT,
  `name` varchar(256) NOT NULL,
  `description` text,
  `status` int(1) DEFAULT '0',
  `created_at` datetime DEFAULT NULL,
  `updated_at` datetime DEFAULT NULL,
  PRIMARY KEY (`id`)
) ENGINE=InnoDB  DEFAULT CHARSET=utf8 AUTO_INCREMENT=3 ;

--
-- Dumping data for table `groups`
--

INSERT INTO `groups` (`id`, `name`, `description`, `status`, `created_at`, `updated_at`) VALUES
(1, 'admin', 'Admin', 1, '2015-06-08 16:39:23', '2015-06-08 16:39:26'),
(2, 'User', 'User', 1, '2015-06-08 09:45:38', '2015-06-08 09:45:38');

-- --------------------------------------------------------

--
-- Table structure for table `products`
--

CREATE TABLE IF NOT EXISTS `products` (
  `id` int(10) unsigned NOT NULL AUTO_INCREMENT,
  `title` varchar(255) NOT NULL,
  `alias` varchar(255) NOT NULL,
  `description` text,
  `content` text NOT NULL,
  `title_en` varchar(255) NOT NULL,
  `alias_en` varchar(255) NOT NULL,
  `description_en` text NOT NULL,
  `content_en` text NOT NULL,
  `image` varchar(255) DEFAULT NULL,
  `is_highlight` int(11) DEFAULT '0',
  `hits` int(11) DEFAULT '0',
  `status` int(1) DEFAULT '0',
  `created_at` datetime DEFAULT NULL,
  `updated_at` datetime DEFAULT NULL,
  PRIMARY KEY (`id`)
) ENGINE=InnoDB  DEFAULT CHARSET=utf8 AUTO_INCREMENT=8 ;

--
-- Dumping data for table `products`
--

INSERT INTO `products` (`id`, `title`, `alias`, `description`, `content`, `title_en`, `alias_en`, `description_en`, `content_en`, `image`, `is_highlight`, `hits`, `status`, `created_at`, `updated_at`) VALUES
(2, ' Bún Tươi', 'bun-tuoi', 'Bún là một dạng thực phẩm dạng sợi, được chế biến từ nguyên liệu giàu amylose là bột gạo tẻ .', '<p>B&uacute;n l&agrave; một dạng thực phẩm dạng sợi, được chế biến từ nguy&ecirc;n liệu gi&agrave;u amylose l&agrave; bột gạo tẻ. B&uacute;n th&agrave;nh phẩm sau khi được l&agrave;m nguội phải được cuộn tr&ograve;n v&agrave; bao g&oacute;i, phải thấy được sản phẩm b&ecirc;n trong, gi&uacute;p tr&aacute;nh bị vi sinh vật tấn c&ocirc;ng do h&agrave;m ẩm trong b&uacute;n tươi l&agrave; kh&aacute; cao l&agrave;m cho b&uacute;n mau chua.</p>\r\n', 'Fresh bun', 'fresh-bun', 'Vermicelli is a kind of fibrous foods, made from raw materials rich in amylose rice flour.', '<p>Vermicelli is a kind of fibrous foods, made from raw materials rich in amylose rice flour. Bun finished after being cooled to be rolled and packaged, to see the product inside, help prevent microbial attack by moisture content in fresh rice vermicelli noodles are pretty high makes sour quickly.</p>\r\n', 'uploads/image/2f848a324b847f293196c0da7ccb7474.jpeg', 1, 0, 1, '2015-07-19 15:46:07', '2015-08-17 13:49:44'),
(3, ' Bánh Phở', 'banh-pho', '‘Bánh phở “ được làm hoàn toàn từ 100% gạo quê nguyên chất của Đồng Bằng Bắc Bộ...', '<p>&ldquo;KH&Ocirc;NG CHẤT BẢO QUẢN, KH&Ocirc;NG PHỤ GIA, KH&Ocirc;NG H&Oacute;A CHẤT&rdquo; sản phẩm &lsquo;B&aacute;nh phở &ldquo; được l&agrave;m ho&agrave;n to&agrave;n từ 100% gạo qu&ecirc; nguy&ecirc;n chất của Đồng Bằng Bắc Bộ.</p>\r\n\r\n<p>Kh&ocirc;ng chỉ sản xuất b&aacute;nh phở, cơ sở của ch&uacute;ng t&ocirc;i c&ograve;n sản xuất cả &ldquo;B&aacute;nh phở cuốn&rdquo; một m&oacute;n ăn cũng rất ph&ugrave; hợp trong c&aacute;c gia đ&igrave;nh v&agrave;o c&aacute;c dịp cuối tuần cũng như l&agrave; rất đắt kh&aacute;ch trong c&aacute;c nh&agrave; h&agrave;ng, kh&aacute;ch sạn.</p>\r\n', 'Noodle cake', 'noodle-cake', '''Noodle'' is made entirely from 100% pure rice native of Northern Plain ...', '<p>&quot;NO preservatives, NO ADDITIVES, NO CHEMICALS &#39;product&#39; Noodle &#39;is made entirely from 100% pure rice country of Northern Plain.</p>\r\n\r\n<p>Not only the production of noodles, our facility also manufactures the &quot;rice noodle&quot; a dish is also very suitable for families on the weekends as well as very expensive hotel in the restaurant, hotel .</p>\r\n', 'uploads/image/6e3a05007b79f5f2877ce7ae7f910ef0.jpeg', 1, 0, 1, '2015-07-19 15:50:16', '2015-08-17 13:50:24'),
(4, 'Rong Nho Khô', 'rong-nho-kho', 'Loại thực phẩm giàu chất dinh dưỡng, chứa nhiều vitamin A, C ngon miệng, được sử dụng như một loại rau xanh, độc đáo, mới lạ.', '<p><span style="font-size:14px"><span style="color:rgb(0, 0, 0); font-family:opensans"><span style="background-color:#FFFFFF">Loại thực phẩm gi&agrave;u chất dinh dưỡng, chứa nhiều vitamin A, C ngon miệng, được sử dụng như một loại rau xanh, độc đ&aacute;o, mới lạ.</span></span><br />\r\n<span style="color:rgb(0, 0, 0); font-family:opensans"><span style="background-color:#FFFFFF">C&oacute; t&aacute;c dụng hỗ trợ điều trị &amp; ngăn ngừa một số bệnh như bệnh đường ruột, bệnh tiểu đường, bệnh huyết &aacute;p...Đặc biệt c&oacute; chức năng thải độc cơ thể cực mạnh.</span></span><br />\r\n<span style="color:rgb(0, 0, 0); font-family:opensans"><span style="background-color:#FFFFFF">C&oacute; t&aacute;c dụng ph&ograve;ng chống l&atilde;o h&oacute;a da đối với phụ nữ,bạn sẽ cảm nhận sự kh&aacute;c biệt khi đắp mặt nạ Rong Nho biển.</span></span><br />\r\n<span style="color:rgb(0, 0, 0); font-family:opensans"><span style="background-color:#FFFFFF">C&oacute; t&aacute;c dụng ph&ograve;ng chống c&aacute;c bệnh như: bướu cổ, thiếu m&aacute;u, suy dinh dưỡng, thấp khớp v&agrave; cao huyết &aacute;p&hellip;</span></span><br />\r\n<span style="color:rgb(0, 0, 0); font-family:opensans"><span style="background-color:#FFFFFF">Sản phẩm chuy&ecirc;n xuất khẩu Nhật Bản.</span></span><span style="color:rgb(0, 0, 0); font-family:opensans"><span style="background-color:#FFFFFF">​</span></span><br />\r\n<span style="color:rgb(0, 0, 0); font-family:opensans"><span style="background-color:#FFFFFF">Hạn sử dụng:</span></span><br />\r\n<span style="color:rgb(0, 0, 0); font-family:opensans"><span style="background-color:#FFFFFF">- 06 th&aacute;ng ở m&ocirc;i trường nhiệt độ b&igrave;nh thường,tr&aacute;nh &aacute;nh nắng trực tiếp đến sản phẩm.</span></span><br />\r\n<span style="color:rgb(0, 0, 0); font-family:opensans"><span style="background-color:#FFFFFF">- 12 th&aacute;ng ở m&ocirc;i trường bảo quản lạnh (tủ lạnh, tủ cấp đ&ocirc;ng, kho lạnh...)</span></span></span></p>\r\n', 'Rong raisins', 'rong-raisins', 'Foods rich in nutrients, vitamins A, C palatable, is used as a green vegetable, unique, novelty.', '<p>Foods rich in nutrients, vitamins A, C palatable, is used as a green vegetable, unique, novelty.<br />\r\nSupporting effective treatment &amp; prevention of diseases such as bowel disease, diabetes, blood pressure ... Special function powerful body detoxification.<br />\r\nEffective anti-aging for women, you will feel the difference when Rong Nho mask sea.<br />\r\nEffective prevention of diseases such as goiter, anemia, malnutrition, arthritis and high blood pressure ...<br />\r\nProfessional Products Japanese exporters.<br />\r\nExpire date:<br />\r\n- 06 months in normal temperature environment, avoid direct sunlight to the product.<br />\r\n- 12 months in cold storage environment (refrigerator, freezer, cold storage ...)</p>\r\n', 'uploads/image/7ffa316a537bbe3cdc01a6557b0184a6.jpeg', 0, 0, 1, '2015-07-19 15:58:06', '2015-08-17 10:09:36'),
(5, 'Hộp đài quả khô Hearty ', 'hop-dai-qua-kho-hearty', 'Đài quả khô Hibiscus có vị chua và màu đỏ tự nhiên với nhiều giá trị cho sức khỏe.', '<p style="text-align:justify"><strong>Hương vị</strong>: Vị chua tự nhi&ecirc;n</p>\r\n\r\n<p style="text-align:justify"><strong>C&oacute; thể Thưởng thức c&ugrave;ng</strong>: mật ong, đường cỏ ngọt, gừng.</p>\r\n\r\n<p style="text-align:justify"><span style="font-family:helvetica,arial,sans-serif; font-size:10pt">Đ&agrave;i quả kh&ocirc; Hibiscus:&nbsp;được sấy kh&ocirc; từ đ&agrave;i quả tươi Hibiscus.&nbsp;<strong>Cứ 25kg đ&agrave;i quả tươi Hibiscus th&igrave; l&agrave;m được 1kg đ&agrave;i quả kh&ocirc;</strong>. Đ&agrave;i quả kh&ocirc; g&igrave;n giữ trọn vẹn vị chua v&agrave; m&agrave;u đỏ tự nhi&ecirc;n nguy&ecirc;n bản của Hibiscus.&nbsp;</span></p>\r\n\r\n<p style="text-align:justify"><span style="font-family:helvetica,arial,sans-serif; font-size:10pt">B&ecirc;n cạnh c&aacute;ch sử dụng như tr&agrave;, đ&agrave;i quả kh&ocirc; Hibiscus c&ograve;n được d&ugrave;ng như một nguy&ecirc;n liệu tuyệt vời để nấu ăn (tạo vị chua tự nhi&ecirc;n), hay l&agrave;m b&aacute;nh, l&agrave;m kem (tạo m&agrave;u đỏ tự nhi&ecirc;n tuyệt đẹp).</span></p>\r\n\r\n<p style="text-align:justify"><span style="font-family:helvetica,arial,sans-serif; font-size:10pt">Mỗi đ&agrave;i quả Hibiscus đều được ươm trồng bằng tất cả sự n&acirc;ng niu v&agrave; chăm s&oacute;c của người n&ocirc;ng d&acirc;n. Khi c&aacute;nh hoa mềm rụng xuống, từng đ&agrave;i quả được ngắt bằng tay v&agrave; l&agrave;m sạch trước khi đưa v&agrave;o sản xuất.&nbsp;</span></p>\r\n\r\n<p style="text-align:center"><img alt="" src="http://thaomoc.com.vn/shop/uploads/images/userfiles/Tuan_Giao_1.jpg" style="border:0px; height:266px; max-width:100%; width:400px" /></p>\r\n\r\n<p style="text-align:center"><img alt="" src="http://thaomoc.com.vn/shop/uploads/images/userfiles/Tuan_Giao_2.jpg" style="border:0px; height:266px; max-width:100%; width:400px" /></p>\r\n\r\n<p style="text-align:center"><em><span style="font-family:arial,sans-serif; font-size:10pt">Niềm vui của người n&ocirc;ng d&acirc;n Tuần Gi&aacute;o trong m&ugrave;a thu hoạch đ&agrave;i quả Hibiscus th&aacute;ng 10 - 11</span></em></p>\r\n\r\n<p style="text-align:center">&nbsp;</p>\r\n\r\n<p style="text-align:justify">Sản phẩm đ&agrave;i quả kh&ocirc; Hibiscus nhận được rất nhiều sự y&ecirc;u mến của kh&aacute;ch h&agrave;ng trong v&agrave; ngo&agrave;i nước v&igrave; những gi&aacute; trị tuyệt vời cho sức khỏe m&agrave; n&oacute; mang lại.&nbsp;</p>\r\n', 'Hearty stations dry fruit', 'hearty-stations-dry-fruit', 'Hibiscus stations dried fruit and red sour naturally with healthy values.', '<p>Taste: natural sourness</p>\r\n\r\n<p>Maybe Enjoy with: honey, stevia sugar, ginger.</p>\r\n\r\n<p>Hibiscus stations dried fruit: dried from fresh fruit Hibiscus stations. For every 25 kg of fresh fruit Hibiscus stations, the stations do 1kg dried fruit. Radio dried fruit preserved sour complete and original natural red of Hibiscus.</p>\r\n\r\n<p>Besides using as tea, dried fruit Hibiscus stations can also be used as an excellent raw material for cooking (creating natural acidity), or baking, making ice cream (creating beautiful natural red).</p>\r\n\r\n<p>Each station are planted in fruit Hibiscus with all the pampering and care of farmers. When the soft petals fall, each station was interrupted by hand fruit and cleaned before being put into production</p>\r\n\r\n<p style="text-align:justify"><span style="font-family:helvetica,arial,sans-serif; font-size:10pt">.&nbsp;</span></p>\r\n\r\n<p style="text-align:center"><img alt="" src="http://thaomoc.com.vn/shop/uploads/images/userfiles/Tuan_Giao_1.jpg" style="border:0px; height:266px; max-width:100%; width:400px" /></p>\r\n\r\n<p style="text-align:center"><img alt="" src="http://thaomoc.com.vn/shop/uploads/images/userfiles/Tuan_Giao_2.jpg" style="border:0px; height:266px; max-width:100%; width:400px" /></p>\r\n\r\n<p style="text-align:center">The joy of the farmers during the harvest season Tuan Giao stations Hibiscus results months 10-11</p>\r\n\r\n<p style="text-align:center">&nbsp;</p>\r\n\r\n<p style="text-align:justify">Dried fruit products Hibiscus station received a lot of love of domestic and foreign customers for their great value for health that it brings.</p>\r\n', 'uploads/image/f6a45826a5a46a357a9d4bd310f6a523.jpeg', 0, 0, 1, '2015-07-25 10:14:06', '2015-08-17 10:08:27'),
(6, 'Mứt Hibiscus 200g', 'mut-hibiscus-200g', 'Mứt Hibiscus có vị chua chua, ngọt ngọt, giòn giòn. Là nguồn cung cấp vitamin cho cơ thể và là món ăn vặt hấp dẫn.', '<p style="text-align:justify"><strong>Hương vị</strong>: Vị chua thanh nhẹ tự nhi&ecirc;n của đ&agrave;i quả, vị gi&ograve;n v&agrave; vị đường ngọt dịu.</p>\r\n\r\n<p style="text-align:justify"><strong>C&oacute; thể Thưởng thức như:&nbsp;</strong>m&oacute;n ăn vặt hoặc sử dụng để trộn salad, trộn sữa chua, l&agrave;m nguy&ecirc;n liệu trong c&aacute;c m&oacute;n b&aacute;nh ngọt</p>\r\n\r\n<p style="text-align:justify"><span style="color:rgb(51, 51, 51); font-family:helvetica,arial,sans-serif">Mứt quả Hibiscus l&agrave; sản phẩm được chế biến trong thời vụ thu hoạch đ&agrave;i quả tươi n&ecirc;n giữ nguy&ecirc;n được sự tươi ngon, thuần khiết cũng như c&aacute;c chất dinh dưỡng. Sau khi những đ&agrave;i quả tươi được h&aacute;i bằng tay, l&agrave;m sạch, sẽ trải qua quy tr&igrave;nh sản xuất kh&eacute;p k&iacute;n. Những hộp mứt Hibiscus tr&ecirc;n tay bạn l&agrave; th&agrave;nh quả của 360 ng&agrave;y gieo trồng v&agrave; chăm s&oacute;c, 60 ng&agrave;y thu hoạch v&agrave; chọn lựa, để tạo ra những hộp mứt Hibiscus thơm ngon, thanh gi&ograve;n v&agrave; ngọt dịu nhất.</span></p>\r\n\r\n<p style="text-align:justify">B&ecirc;n cạnh việc sử dụng như m&oacute;n ăn vặt h&agrave;ng ng&agrave;y, bạn c&oacute; thể cho mứt quả Hibiscus v&agrave;o nước siro v&agrave; thưởng thức hoặc sử dụng mứt để trộn salad, sử dụng như một nguy&ecirc;n liệu trong l&agrave;m b&aacute;nh v&agrave; trang tr&iacute; b&aacute;nh ngọt.</p>\r\n', 'Hibiscus jam 200g', 'hibiscus-jam-200g', 'Hibiscus jam with bitter, sweet, crunchy. As a source of vitamins for the body and is appealing snacks.', '<p>Taste: mild natural sourness of radio sound effect, you&#39;re crunchy and sweet sugar.</p>\r\n\r\n<p>Maybe Enjoying such as snacks or use the salad, mix yogurt, as raw materials in pastries</p>\r\n\r\n<p>Jam Hibiscus products are processed during harvest fresh fruit station should retain its freshness, purity and nutrients. After the station fresh fruit is hand-picked, cleaned, will undergo a closed production process. The Hibiscus jam box on your hands is the result of 360 days planting and care, 60 days to harvest and selection, to produce jam box Hibiscus delicious, crunchy and sweet sound possible.</p>\r\n\r\n<p>Besides use as a daily snack, you can jam into water Hibiscus syrup and enjoy or use jam to salad dressings and used as a raw material in baking and decorating cakes.</p>\r\n', 'uploads/image/da8be42e0029435575d22445afc6acb8.jpeg', 0, 0, 1, '2015-07-26 15:05:21', '2015-08-17 10:05:43'),
(7, 'Phở Bò', 'pho-bo', 'Hương vị phở truyền thống', '<p style="text-align:justify"><span style="font-size:12pt">Khối lượng tịnh: 70g</span></p>\r\n\r\n<p style="text-align:justify"><span style="font-size:12pt">Quy c&aacute;ch đ&oacute;ng g&oacute;i: 18 g&oacute;i/th&ugrave;ng</span></p>\r\n\r\n<p style="text-align:justify"><span style="font-size:12pt">K&iacute;ch thước th&ugrave;ng: 35 x 27 x 13.5 (cm)</span></p>\r\n', 'Beef Noodle Soup', 'beef-noodle-soup', 'Taste traditional pho', '', 'uploads/image/1fe6b6bf9f150c37386ab50c56a19f16.jpeg', 0, 0, 1, '2015-07-26 15:27:43', '2015-08-17 10:04:49');

-- --------------------------------------------------------

--
-- Table structure for table `products_images`
--

CREATE TABLE IF NOT EXISTS `products_images` (
  `id` int(11) unsigned NOT NULL AUTO_INCREMENT,
  `product_id` int(11) NOT NULL,
  `image` varchar(255) DEFAULT NULL,
  `created_at` datetime DEFAULT NULL,
  `updated_at` datetime DEFAULT NULL,
  PRIMARY KEY (`id`)
) ENGINE=InnoDB  DEFAULT CHARSET=utf8 AUTO_INCREMENT=88 ;

--
-- Dumping data for table `products_images`
--

INSERT INTO `products_images` (`id`, `product_id`, `image`, `created_at`, `updated_at`) VALUES
(64, 7, 'uploads/image/251a59ba6536df56a0c8dbb5b75107e4.jpeg', '2015-08-17 10:04:49', '2015-08-17 10:04:49'),
(65, 7, 'uploads/image/3f9fc8d6770fe3a2b6186c5bb5057b7d.jpeg', '2015-08-17 10:04:49', '2015-08-17 10:04:49'),
(66, 7, 'uploads/image/8dc34a2575b288be9cb682e421df1bdd.jpeg', '2015-08-17 10:04:49', '2015-08-17 10:04:49'),
(67, 6, 'uploads/image/b71c6e1400db10f1dc29d7f6f8711c85.jpeg', '2015-08-17 10:05:43', '2015-08-17 10:05:43'),
(68, 6, 'uploads/image/98d47349aa32f64630b3286badb04ed3.jpeg', '2015-08-17 10:05:43', '2015-08-17 10:05:43'),
(69, 6, 'uploads/image/e9d67a60784670b66f90fdfa37f9e2bb.jpeg', '2015-08-17 10:05:43', '2015-08-17 10:05:43'),
(73, 5, 'uploads/image/5e3240683c73441e91cd126742945c1a.jpeg', '2015-08-17 10:08:27', '2015-08-17 10:08:27'),
(74, 5, 'uploads/image/c863386f8e43f640f6565132420a903f.jpeg', '2015-08-17 10:08:27', '2015-08-17 10:08:27'),
(75, 5, 'uploads/image/63aa7d63ac82ca602d104007a5f409bb.jpeg', '2015-08-17 10:08:27', '2015-08-17 10:08:27'),
(76, 4, 'uploads/image/7ce774c59865a8eacb169cb0b4343aff.jpeg', '2015-08-17 10:09:36', '2015-08-17 10:09:36'),
(77, 4, 'uploads/image/940693982846f3c552100769ec3a3251.jpeg', '2015-08-17 10:09:36', '2015-08-17 10:09:36'),
(78, 4, 'uploads/image/f8ae6a9f3b6157d07592a41fe39fbdcb.jpeg', '2015-08-17 10:09:36', '2015-08-17 10:09:36'),
(82, 2, 'uploads/image/75a46c4af91ae067dc64faddb850097b.jpeg', '2015-08-17 13:49:44', '2015-08-17 13:49:44'),
(83, 2, 'uploads/image/e03fd499313f8e321e93b0db81ca6641.jpeg', '2015-08-17 13:49:44', '2015-08-17 13:49:44'),
(84, 2, 'uploads/image/8402e43d3328e8e864b85310f41c9818.jpeg', '2015-08-17 13:49:44', '2015-08-17 13:49:44'),
(85, 3, 'uploads/image/0cfe1fb92bb417ad989a2e6fd8376c82.jpeg', '2015-08-17 13:50:24', '2015-08-17 13:50:24'),
(86, 3, 'uploads/image/75c698644b85653d13d880bd89ef79b0.jpeg', '2015-08-17 13:50:24', '2015-08-17 13:50:24'),
(87, 3, 'uploads/image/ad21cd9ad178269d1d3280152e948eb3.jpeg', '2015-08-17 13:50:24', '2015-08-17 13:50:24');

-- --------------------------------------------------------

--
-- Table structure for table `static_pages`
--

CREATE TABLE IF NOT EXISTS `static_pages` (
  `id` int(10) unsigned NOT NULL AUTO_INCREMENT,
  `title` varchar(255) NOT NULL,
  `alias` varchar(255) NOT NULL,
  `description` text,
  `content` text NOT NULL,
  `title_en` varchar(255) NOT NULL,
  `description_en` text NOT NULL,
  `content_en` text NOT NULL,
  `image` varchar(255) NOT NULL,
  `status` int(1) DEFAULT '0',
  `created_at` datetime DEFAULT NULL,
  `updated_at` datetime DEFAULT NULL,
  PRIMARY KEY (`id`)
) ENGINE=InnoDB  DEFAULT CHARSET=utf8 AUTO_INCREMENT=5 ;

--
-- Dumping data for table `static_pages`
--

INSERT INTO `static_pages` (`id`, `title`, `alias`, `description`, `content`, `title_en`, `description_en`, `content_en`, `image`, `status`, `created_at`, `updated_at`) VALUES
(1, 'Giới thiệu', 'gioi-thieu', 'Việt EU Food được thành lập bởi 02 thành viên tại Việt Nam - Đức với niềm đam mê thực phẩm Á Đông. Được học tập và đào tạo chuyên sâu trong lĩnh vực kinh doanh cùng sự thấu hiểu về khẩu vị của những người Á Đông luôn hướng về quê hương, từ đó các sản phẩm Bún gạo khô, phở khô, bún tươi... được ra đời với nhiệt huyết sản phẩm quê nhà sẽ được phát triển khắp năm châu.', '<p><span style="color:rgb(0, 0, 0); font-family:opensans"><strong>Việt EU Food</strong></span><span style="color:rgb(0, 0, 0); font-family:opensans">&nbsp;được th&agrave;nh lập bởi 02 th&agrave;nh vi&ecirc;n tại Việt Nam - Đức với niềm đam m&ecirc; thực phẩm &Aacute; Đ&ocirc;ng. Được học tập v&agrave; đ&agrave;o tạo chuy&ecirc;n s&acirc;u trong lĩnh vực kinh doanh c&ugrave;ng sự thấu hiểu về khẩu vị của những người &Aacute; Đ&ocirc;ng lu&ocirc;n hướng về qu&ecirc; hương, từ đ&oacute; c&aacute;c sản phẩm B&uacute;n gạo kh&ocirc;, phở kh&ocirc;, b&uacute;n tươi... được ra đời với nhiệt huyết sản phẩm qu&ecirc; nh&agrave; sẽ được ph&aacute;t triển khắp năm ch&acirc;u.</span></p>\r\n\r\n<p style="text-align:center"><span style="color:rgb(0, 0, 0); font-family:opensans"><img alt="" src="/assets/admin/kcfinder/upload/images/0HoangSuPhi.jpg" style="height:332px; width:500px" /></span></p>\r\n\r\n<p style="text-align:center">&nbsp;</p>\r\n\r\n<p><span style="color:rgb(0, 0, 0); font-family:opensans"><strong>Việt Eu Food</strong></span><span style="color:rgb(0, 0, 0); font-family:opensans">&nbsp;ra đời bắt nguồn từ nh&agrave; bếp của một gia đ&igrave;nh Trung Hoa/ Sweden - nơi lu&ocirc;n giữ truyền thống gia đ&igrave;nh bằng thực phẩm &Aacute; Đ&ocirc;ng từ hơn 20 năm nay. Sản phẩm B&uacute;n gạo kh&ocirc; của ch&uacute;ng t&ocirc;i ra đời với ti&ecirc;u ch&iacute; h&agrave;ng đầu l&agrave; mang tới&nbsp;Sức khỏe, Gi&aacute; trị dinh dưỡng v&agrave; Hương vị sản phẩm.</span></p>\r\n\r\n<p style="text-align:center"><span style="color:rgb(0, 0, 0); font-family:opensans"><img alt="" src="/assets/admin/kcfinder/upload/images/gia-dinh-4-51b48%20(1).jpg" style="height:333px; width:500px" /></span></p>\r\n\r\n<p style="text-align:center"><img alt="" src="/assets/admin/kcfinder/upload/images/31001_l.jpg" style="height:333px; width:500px" /></p>\r\n\r\n<p style="text-align:center">&nbsp;</p>\r\n\r\n<p><span style="color:rgb(0, 0, 0); font-family:opensans">Thực phẩm của&nbsp;</span><span style="color:rgb(0, 0, 0); font-family:opensans"><strong>Việt EU Food</strong></span><span style="color:rgb(0, 0, 0); font-family:opensans">&nbsp;ph&ugrave; hợp với nhu cầu ẩm thực đa dạng của người ti&ecirc;u d&ugrave;ng.</span></p>\r\n\r\n<p><strong>B&uacute;n gạo kh&ocirc;</strong></p>\r\n\r\n<p style="text-align:center"><em><strong><img alt="" src="/assets/admin/kcfinder/upload/images/1-1.jpg" style="height:350px; width:350px" /></strong></em></p>\r\n\r\n<p><strong>B&uacute;n tươi</strong></p>\r\n\r\n<p style="text-align:center"><strong><img alt="" src="/assets/admin/kcfinder/upload/images/2-1.jpg" style="height:350px; width:350px" /></strong></p>\r\n\r\n<p><strong>B&aacute;nh phở</strong></p>\r\n\r\n<p style="text-align:center"><strong><img alt="" src="/assets/admin/kcfinder/upload/images/pho.jpg" style="height:350px; width:350px" /></strong></p>\r\n\r\n<p><strong>Sản phẩm h&agrave;ng k&egrave;m (H&agrave;nh l&aacute; kh&ocirc;, Ng&ograve; gai kh&ocirc;, Tỏi kh&ocirc;, Bột ớt kh&ocirc;, Ti&ecirc;u kh&ocirc;, H&agrave;nh t&iacute;m kh&ocirc;, B&aacute;nh phồng t&ocirc;m&hellip;)</strong></p>\r\n\r\n<p style="text-align:center"><img alt="" src="/assets/admin/kcfinder/upload/images/nhahangHeraPalace-H%C3%A0nh-vatoi.jpg" style="height:258px; width:350px" /></p>\r\n\r\n<p><span style="color:rgb(0, 0, 0); font-family:opensans">Sau khi chế biến, c&aacute;c sản phẩm&nbsp;</span><span style="color:rgb(0, 0, 0); font-family:opensans"><strong>Việt EU Food</strong></span><span style="color:rgb(0, 0, 0); font-family:opensans">&nbsp;cung cấp vẫn giữ nguy&ecirc;n h&agrave;m lượng vitamin trong gạo, đ&aacute;p ứng tốt nhu cầu về dinh dưỡng cho người ti&ecirc;u d&ugrave;ng, mang&nbsp;đến&nbsp;sự tiện lợi, đảm bảo vệ sinh, bổ dưỡng, với hương vị đặc trưng thuần chất Việt Nam.</span></p>\r\n\r\n<p style="text-align:center"><img alt="" src="/assets/admin/kcfinder/upload/images/0-bun-cha-nuong-am-thuc-duong-pho-ha-noi-17-09-2013-125201.jpg" style="height:375px; width:500px" /></p>\r\n\r\n<p style="text-align:center"><img alt="" src="/assets/admin/kcfinder/upload/images/Untitled-2.jpg" style="height:648px; width:500px" /></p>\r\n\r\n<p style="text-align:center">&nbsp;</p>\r\n\r\n<p><span style="color:rgb(0, 0, 0); font-family:opensans">Với nguồn nh&acirc;n lực đa ng&ocirc;n ngữ:&nbsp; Đức , Anh, Ph&aacute;p, T&acirc;y Ban Nha, Việt Nam,&nbsp;</span><span style="color:rgb(0, 0, 0); font-family:opensans"><strong>Việt EU Food</strong></span><span style="color:rgb(0, 0, 0); font-family:opensans">&nbsp;đưa bạn đến gần ch&uacute;ng t&ocirc;i hơn nhờ thực phẩm v&agrave; ng&ocirc;n ngữ. Đừng ngần ngại li&ecirc;n hệ với ch&uacute;ng t&ocirc;i ngay h&ocirc;m nay bằng điện thoại, fax hoặc email để bạn hiểu về sản phẩm của ch&uacute;ng t&ocirc;i.&nbsp;</span><span style="color:rgb(0, 0, 0); font-family:opensans"><strong>Việt EU Food</strong></span><span style="color:rgb(0, 0, 0); font-family:opensans">&nbsp;rất mong muốn nhận được c&aacute;c c&acirc;u hỏi v&agrave; &yacute; kiến đ&oacute;ng g&oacute;p từ bạn.</span></p>\r\n', 'Introduce', 'Vietnam EU Food was founded by 02 members in Vietnam - Germany with passion oriental foods. To education and specialized training in the field of business and understanding the tastes of Asians always homeland, from which the product dried rice vermicelli, dry noodle, fresh noodle ... get out passionate life with home products will be developed in all continents.', '<p>Vietnam EU Food was founded by 02 members in Vietnam - Germany with passion oriental foods. To education and specialized training in the field of business and understanding the tastes of Asians always homeland, from which the product dried rice vermicelli, dry noodle, fresh noodle ... get out passionate life with home products will be developed in all continents.</p>\r\n\r\n<p style="text-align:center"><span style="color:rgb(0, 0, 0); font-family:opensans"><img alt="" src="/assets/admin/kcfinder/upload/images/0HoangSuPhi.jpg" style="height:332px; width:500px" /></span></p>\r\n\r\n<p style="text-align:center">&nbsp;</p>\r\n\r\n<p>Vietnam Food Eu born rooted kitchen of a Chinese family / Sweden - which keeps the family tradition with oriental foods from more than 20 years. Is our dry rice vermicelli was born with the first criterion is to bring health, nutritional value and flavor of products.</p>\r\n\r\n<p style="text-align:center"><span style="color:rgb(0, 0, 0); font-family:opensans"><img alt="" src="/assets/admin/kcfinder/upload/images/gia-dinh-4-51b48%20(1).jpg" style="height:333px; width:500px" /></span></p>\r\n\r\n<p style="text-align:center"><img alt="" src="/assets/admin/kcfinder/upload/images/31001_l.jpg" style="height:333px; width:500px" /></p>\r\n\r\n<p style="text-align:center">&nbsp;</p>\r\n\r\n<p>EU food Vietnamese Food suit varied culinary needs of consumers.</p>\r\n\r\n<p><strong>Dried rice noodles​</strong></p>\r\n\r\n<p style="text-align:center"><em><strong><img alt="" src="/assets/admin/kcfinder/upload/images/1-1.jpg" style="height:350px; width:350px" /></strong></em></p>\r\n\r\n<p><strong>Fresh Bun​</strong></p>\r\n\r\n<p style="text-align:center"><strong><img alt="" src="/assets/admin/kcfinder/upload/images/2-1.jpg" style="height:350px; width:350px" /></strong></p>\r\n\r\n<p><strong>Noodle</strong></p>\r\n\r\n<p style="text-align:center"><strong><img alt="" src="/assets/admin/kcfinder/upload/images/pho.jpg" style="height:350px; width:350px" /></strong></p>\r\n\r\n<p><strong>Products associated goods (dried onion, dried coriander, dried garlic, dried chilli powders, dried pepper, dried purple onion, prawn crackers ...)​</strong></p>\r\n\r\n<p style="text-align:center"><img alt="" src="/assets/admin/kcfinder/upload/images/nhahangHeraPalace-H%C3%A0nh-vatoi.jpg" style="height:258px; width:350px" /></p>\r\n\r\n<p>After processing, Vietnamese EU Food products provide vitamin content remains in rice, meet the nutritional needs of consumers, delivering the convenience, hygiene, nutrition, with pure flavor characteristics Vietnam.</p>\r\n\r\n<p style="text-align:center"><img alt="" src="/assets/admin/kcfinder/upload/images/0-bun-cha-nuong-am-thuc-duong-pho-ha-noi-17-09-2013-125201.jpg" style="height:375px; width:500px" /></p>\r\n\r\n<p style="text-align:center"><img alt="" src="/assets/admin/kcfinder/upload/images/Untitled-2.jpg" style="height:648px; width:500px" /></p>\r\n\r\n<p style="text-align:center">&nbsp;</p>\r\n\r\n<p>With multilingual human resources: Germany, England, France, Spain, Vietnam, Vietnam EU Food takes you to close us more food thanks and language. Do not hesitate to contact us today by phone, fax or email so that you understand our product. Vietnam Food EU looks forward to receiving the questions and comments from you.</p>\r\n', 'uploads/image/3414cd629e75fb1f385d7c774a2ba16c.jpeg', 1, '2015-07-03 16:48:43', '2015-08-17 09:56:04'),
(2, 'Cơ sở sản xuất', 'co-so-san-xuat', 'Cơ sở sản xuất', '<p><span style="font-size:14px"><span style="color:rgb(0, 0, 0); font-family:opensans">Xưởng sản xuất được đặt tại vị tr&iacute; l&agrave;ng nghề chuy&ecirc;n sản xuất b&uacute;n gạo, b&aacute;nh tr&aacute;ng ... &nbsp;tại Củ Chi.</span></span></p>\r\n\r\n<p style="text-align:center"><span style="font-size:14px"><span style="color:rgb(0, 0, 0); font-family:opensans"><img alt="" src="/assets/admin/kcfinder/upload/images/1.jpg" style="height:413px; width:550px" /></span></span></p>\r\n\r\n<p style="text-align:center"><span style="font-size:14px"><span style="color:rgb(0, 0, 0); font-family:opensans"><img alt="" src="/assets/admin/kcfinder/upload/images/Khu_sinh_thai_Binh_My_-_Cu_Chi_4.jpg" style="height:299px; width:550px" /></span></span></p>\r\n\r\n<p><span style="color:rgb(0, 0, 0); font-family:opensans; font-size:14px">D&acirc;y chuyền sản xuất kh&eacute;p k&iacute;n, hiện đại, đảm bảo ti&ecirc;u chuẩn vệ sinh an to&agrave;n thực phẩm.</span></p>\r\n\r\n<p style="text-align:center"><img alt="" src="/assets/admin/kcfinder/upload/images/images464983_1.jpg" style="height:380px; width:550px" /></p>\r\n\r\n<p style="text-align:center"><img alt="" src="/assets/admin/kcfinder/upload/images/bun.jpg" style="height:413px; width:550px" /></p>\r\n\r\n<p style="text-align:center"><img alt="" src="/assets/admin/kcfinder/upload/images/4.jpg" style="height:389px; width:550px" /></p>\r\n\r\n<p style="text-align:center"><img alt="" src="/assets/admin/kcfinder/upload/images/7.jpg" style="height:365px; width:550px" /></p>\r\n', 'Manufacture', 'Manufacture', '<p>Our factory is located in the village location specializes in manufacturing rice vermicelli, rice paper ... at Cu Chi.</p>\r\n\r\n<p style="text-align:center"><span style="font-size:14px"><span style="color:rgb(0, 0, 0); font-family:opensans"><img alt="" src="/assets/admin/kcfinder/upload/images/1.jpg" style="height:413px; width:550px" /></span></span></p>\r\n\r\n<p style="text-align:center"><span style="font-size:14px"><span style="color:rgb(0, 0, 0); font-family:opensans"><img alt="" src="/assets/admin/kcfinder/upload/images/Khu_sinh_thai_Binh_My_-_Cu_Chi_4.jpg" style="height:299px; width:550px" /></span></span></p>\r\n\r\n<p>The closed production lines, modern, standard ensures food safety.</p>\r\n\r\n<p style="text-align:center"><img alt="" src="/assets/admin/kcfinder/upload/images/images464983_1.jpg" style="height:380px; width:550px" /></p>\r\n\r\n<p style="text-align:center"><img alt="" src="/assets/admin/kcfinder/upload/images/bun.jpg" style="height:413px; width:550px" /></p>\r\n\r\n<p style="text-align:center"><img alt="" src="/assets/admin/kcfinder/upload/images/4.jpg" style="height:389px; width:550px" /></p>\r\n\r\n<p style="text-align:center"><img alt="" src="/assets/admin/kcfinder/upload/images/7.jpg" style="height:365px; width:550px" /></p>\r\n', 'uploads/image/687c564076c00cd0f0d2cda6852b6afa.jpeg', 1, '2015-07-03 16:48:46', '2015-08-17 14:06:17'),
(3, 'Dấu ấn', 'dau-an', '3', '<p>Dang cap nhat...</p>\r\n', 'Mark', '', '<p>Loading...</p>\r\n', 'uploads/image/687c564076c00cd0f0d2cda6852b6afa.jpeg', 1, '2015-07-03 16:48:50', '2015-08-17 14:07:04'),
(4, 'Chính sách', 'chinh-sach', 'Chính sách', '<p>Đang cập nhật..</p>\r\n', 'Policy', 'policy', '<p>Loading</p>\r\n', 'uploads/image/no-image.png', 1, '2015-08-17 04:59:09', '2015-08-17 14:07:37');

-- --------------------------------------------------------

--
-- Table structure for table `users`
--

CREATE TABLE IF NOT EXISTS `users` (
  `id` int(11) NOT NULL AUTO_INCREMENT,
  `group_id` int(11) NOT NULL,
  `username` varchar(256) NOT NULL,
  `password` varchar(256) NOT NULL,
  `email` varchar(256) NOT NULL,
  `first_name` varchar(256) DEFAULT NULL,
  `last_name` varchar(256) DEFAULT NULL,
  `birthday` datetime DEFAULT NULL,
  `address` varchar(256) DEFAULT NULL,
  `phone` varchar(256) DEFAULT NULL,
  `fax` varchar(255) DEFAULT NULL,
  `genre` int(1) DEFAULT '0',
  `avatar` varchar(256) DEFAULT NULL,
  `status` int(1) DEFAULT '0',
  `salf` varchar(256) DEFAULT NULL,
  `is_login` int(1) DEFAULT '0',
  `remember_token` varchar(256) DEFAULT NULL,
  `created_at` datetime DEFAULT NULL,
  `updated_at` datetime DEFAULT NULL,
  PRIMARY KEY (`id`),
  KEY `fk_group` (`group_id`)
) ENGINE=InnoDB  DEFAULT CHARSET=utf8 AUTO_INCREMENT=20 ;

--
-- Dumping data for table `users`
--

INSERT INTO `users` (`id`, `group_id`, `username`, `password`, `email`, `first_name`, `last_name`, `birthday`, `address`, `phone`, `fax`, `genre`, `avatar`, `status`, `salf`, `is_login`, `remember_token`, `created_at`, `updated_at`) VALUES
(1, 1, 'vieteufood1', '$2y$10$aPx8C5NGf3a81yb0PQVj3uJ7cxtzqfGbm/APlcChkRgp1uzr4pJqS', 'admin@gmail.com', 'Vu', 'Nguyen', '1989-05-04 00:00:00', NULL, '01697916836', '01655969264', 1, 'uploads/avatar/d1dca3daf969bfd1166dfe88db008644.jpeg', 1, '', 0, '9N8O1ApnY4w3smlgGNPVLBYZmM5AK6eb8glguN8lyTk6Elj7stR1yLlSFdZR', '2015-06-08 16:41:40', '2015-07-20 08:09:39'),
(8, 1, 'vieteufood8', '$2y$10$aPx8C5NGf3a81yb0PQVj3uJ7cxtzqfGbm/APlcChkRgp1uzr4pJqS', 'admin@gmail.com', 'Vu', 'Nguyen', '1989-05-04 00:00:00', NULL, '01697916836', '01655969264', 1, 'uploads/avatar/b612a4a145d2f81d6362f67cd9650d4a.jpeg', 1, '', 0, '', '2015-06-08 16:41:40', '2015-06-18 16:01:34'),
(9, 1, 'vieteufood8', '$2y$10$aPx8C5NGf3a81yb0PQVj3uJ7cxtzqfGbm/APlcChkRgp1uzr4pJqS', 'admin@gmail.com', 'Vu', 'Nguyen', '1989-05-04 00:00:00', NULL, '01697916836', '01655969264', 1, 'uploads/avatar/3252d9bdfa3f51cb67224a41114cc27f.jpeg', 1, '', 0, '', '2015-06-08 16:41:40', '2015-06-18 16:04:34'),
(10, 1, 'vieteufood10', '$2y$10$aPx8C5NGf3a81yb0PQVj3uJ7cxtzqfGbm/APlcChkRgp1uzr4pJqS', 'admin@gmail.com', 'Vu', 'Nguyen', '1989-05-04 00:00:00', NULL, '01697916836', '01655969264', 1, 'uploads/avatar/fc5127e2b6a0fa189735ae6e3ffc8faa.jpeg', 1, '', 0, '', '2015-06-08 16:41:40', '2015-06-18 16:04:49'),
(11, 1, 'vieteufood11', '$2y$10$aPx8C5NGf3a81yb0PQVj3uJ7cxtzqfGbm/APlcChkRgp1uzr4pJqS', 'admin@gmail.com', 'Vu', 'Nguyen', '1989-05-04 00:00:00', NULL, '01697916836', '01655969264', 1, 'uploads/avatar/87b85e9b401260454edaa17e7e8764e0.jpeg', 1, '', 0, '', '2015-06-08 16:41:40', '2015-06-18 16:05:22'),
(12, 1, 'vieteufood12', '$2y$10$aPx8C5NGf3a81yb0PQVj3uJ7cxtzqfGbm/APlcChkRgp1uzr4pJqS', 'admin@gmail.com', 'Vu', 'Nguyen', '1989-05-04 00:00:00', NULL, '01697916836', '01655969264', 1, 'uploads/avatar/fc9f227d81a10edf3605e9b701bf3ff7.jpeg', 1, '', 0, '', '2015-06-08 16:41:40', '2015-06-18 16:06:09'),
(13, 1, 'vieteufood13', '$2y$10$aPx8C5NGf3a81yb0PQVj3uJ7cxtzqfGbm/APlcChkRgp1uzr4pJqS', 'admin@gmail.com', 'Vu', 'Nguyen', '1989-05-04 00:00:00', NULL, '01697916836', '01655969264', 1, 'uploads/avatar/65613b57acca9a378b243eabca3c129b.jpeg', 1, '', 0, '', '2015-06-08 16:41:40', '2015-06-18 16:06:28'),
(14, 1, 'vieteufood14', '$2y$10$aPx8C5NGf3a81yb0PQVj3uJ7cxtzqfGbm/APlcChkRgp1uzr4pJqS', 'admin@gmail.com', 'Vu', 'Nguyen', '1989-05-04 00:00:00', NULL, '01697916836', '01655969264', 1, 'uploads/avatar/bb7d48792098b6b0cbbae61800776976.jpeg', 1, '', 0, '', '2015-06-08 16:41:40', '2015-06-18 16:04:18'),
(15, 1, 'vieteufood15', '$2y$10$aPx8C5NGf3a81yb0PQVj3uJ7cxtzqfGbm/APlcChkRgp1uzr4pJqS', 'admin@gmail.com', 'Vu', 'Nguyen', '1989-05-04 00:00:00', NULL, '01697916836', '01655969264', 1, 'uploads/avatar/fd07623d27ead90caabdb40ae5350ed5.jpeg', 1, '', 0, '', '2015-06-08 16:41:40', '2015-06-18 16:06:48'),
(16, 1, 'vieteufood16', '$2y$10$aPx8C5NGf3a81yb0PQVj3uJ7cxtzqfGbm/APlcChkRgp1uzr4pJqS', 'admin@gmail.com', 'Vu', 'Nguyen', '1989-05-04 00:00:00', NULL, '01697916836', '01655969264', 1, 'uploads/avatar/34e83bda9501613c2dae44ee8bc194f1.jpeg', 1, '', 0, '', '2015-06-08 16:41:40', '2015-06-18 16:07:14'),
(17, 1, 'vieteufood17', '$2y$10$aPx8C5NGf3a81yb0PQVj3uJ7cxtzqfGbm/APlcChkRgp1uzr4pJqS', 'admin@gmail.com', 'Vu', 'Nguyen', '1989-05-04 00:00:00', NULL, '01697916836', '01655969264', 1, 'uploads/avatar/85e28722f920b847886b5aba7b8abf94.jpeg', 1, '', 0, '', '2015-06-08 16:41:40', '2015-06-18 16:07:38'),
(18, 2, 'longnhat', '$2y$10$4/JcjzBgB4KQy0eoIAvhWu0WZda79paUavcM3GuXfdjtvxQZ9HoCa', 'longnhat@gmail.com', 'Long', 'Nhật', '2015-06-18 00:00:00', NULL, '', '', 1, 'uploads/avatar/819a95eae262d4583b29713757a2911a.jpeg', NULL, NULL, 0, NULL, '2015-06-18 15:56:21', '2015-06-18 16:00:02'),
(19, 2, 'NguyetNga', '$2y$10$/soBj0GCyeRNrGb0PXYPoell8x73iXXni/LHz0GXgRrh49wAO352.', 'nguyetnga@gmail.com', 'Nguyệt', 'Nga', '2015-06-18 00:00:00', NULL, '', '', 0, 'uploads/avatar/no-avatar-woman.jpg', 1, NULL, 0, NULL, '2015-06-18 15:58:34', '2015-06-18 15:58:34');

--
-- Constraints for dumped tables
--

--
-- Constraints for table `categories_news`
--
ALTER TABLE `categories_news`
  ADD CONSTRAINT `fk_category` FOREIGN KEY (`category_id`) REFERENCES `categories` (`id`) ON DELETE CASCADE ON UPDATE NO ACTION;

--
-- Constraints for table `users`
--
ALTER TABLE `users`
  ADD CONSTRAINT `fk_group` FOREIGN KEY (`group_id`) REFERENCES `groups` (`id`) ON DELETE CASCADE ON UPDATE NO ACTION;

/*!40101 SET CHARACTER_SET_CLIENT=@OLD_CHARACTER_SET_CLIENT */;
/*!40101 SET CHARACTER_SET_RESULTS=@OLD_CHARACTER_SET_RESULTS */;
/*!40101 SET COLLATION_CONNECTION=@OLD_COLLATION_CONNECTION */;
